Unnamed: 0.1,Unnamed: 0,x,y,w,h,label,z,d,s,q
0,0,300,255,348,311,1,0,0,0,0
1,1,298,258,346,310,1,0,0,0,0
2,2,298,256,346,310,1,0,0,0,0
3,3,254,246,392,316,1,0,0,0,0
4,4,299,256,347,310,1,1,0,0,0
5,5,9,232,179,304,1,1,0,0,0
6,6,298,258,348,314,1,1,0,0,0
7,7,2,242,172,334,1,1,0,0,0
8,8,256,248,390,320,1,1,0,0,0
9,9,274,272,350,306,1,1,0,0,0
10,10,288,262,346,322,1,1,1,0,0
11,11,233,264,369,342,1,1,0,0,0
12,12,10,233,252,347,1,1,0,0,0
13,13,2,238,178,386,1,0,0,0,0
14,14,-5,210,145,408,1,0,0,0,0
15,15,86,202,264,308,1,0,0,0,0
16,16,74,210,188,288,1,0,0,0,0
17,17,54,232,154,328,1,0,0,0,0
18,18,-8,206,208,358,1,0,0,0,0
19,19,-9,203,181,379,1,0,0,0,0
20,20,44,225,122,353,1,0,0,0,0
21,21,30,224,102,348,1,0,0,0,0
22,22,-3,194,195,334,1,1,0,0,0
23,23,335,254,365,274,1,0,0,0,1
24,24,192,254,204,290,1,1,0,0,0
25,25,-2,205,86,375,1,1,0,0,1
26,26,18,230,66,338,1,1,0,0,0
27,27,5,192,95,380,1,1,0,0,0
28,28,-12,206,144,382,1,1,0,0,0
29,29,-13,206,179,376,1,1,0,0,0
30,30,448,277,794,409,1,1,0,0,0
31,31,40,226,106,356,1,1,0,0,1
32,32,-6,196,142,394,1,1,0,0,1
33,33,384,270,500,366,1,0,0,0,0
34,34,626,259,650,301,1,0,0,0,0
35,35,72,190,436,476,1,0,1,0,0
36,36,620,134,658,166,1,0,1,0,0
37,37,551,132,589,162,1,0,1,0,0
38,38,676,238,710,254,1,0,1,0,0
39,39,519,124,561,162,1,1,0,0,1
40,40,720,54,762,140,1,1,0,0,0
41,41,340,262,426,302,1,1,0,0,0
42,42,690,38,796,160,1,1,0,0,0
43,43,389,262,431,280,1,1,0,0,1
44,44,424,238,626,306,1,1,0,0,1
45,45,636,221,806,307,1,1,0,0,0
46,46,310,224,484,266,1,1,0,0,0
47,47,345,238,431,258,1,1,0,0,0
48,48,250,240,426,292,1,0,0,0,0
49,49,-6,248,144,354,1,0,0,0,0
50,50,298,246,366,286,1,0,0,0,0
51,51,526,192,770,266,1,1,0,0,0
52,52,333,264,437,314,1,1,0,0,1
53,53,51,254,367,324,1,1,0,0,1
54,54,170,264,284,316,1,1,0,0,1
55,55,14,254,286,324,1,1,0,0,0
56,56,4,273,218,335,1,1,0,0,0
57,57,18,272,80,302,1,1,0,0,0
58,58,512,262,814,370,1,1,0,0,1
59,59,394,261,790,405,1,0,0,0,1
60,60,562,284,584,302,1,0,0,0,1
61,61,581,282,601,302,1,0,0,0,1
62,62,484,220,808,414,1,1,0,0,1
63,63,27,305,49,317,1,1,0,0,1
64,64,478,294,542,342,1,1,0,0,0
65,65,427,283,595,353,1,1,0,0,1
66,66,538,282,788,388,1,1,0,0,0
67,67,732,244,784,270,1,1,0,0,0
68,68,376,248,400,262,1,1,0,0,0
69,69,677,242,701,258,1,1,0,0,0
70,70,734,204,782,234,1,1,1,0,0
71,71,319,224,349,240,1,1,1,0,0
72,72,656,207,686,223,1,1,1,0,0
73,73,270,229,300,249,1,1,0,0,0
74,74,721,209,781,243,1,1,0,0,0
75,75,634,212,666,230,1,1,0,0,0
76,76,501,261,565,283,1,1,0,0,0
77,77,640,243,730,299,1,1,0,0,0
78,78,622,256,686,284,1,1,1,0,0
79,79,481,64,491,92,1,1,0,0,0
80,80,14,282,72,308,1,1,0,0,0
81,81,657,76,669,104,1,1,0,0,0
82,82,614,202,636,216,1,1,0,0,0
83,83,556,294,716,376,1,0,0,0,0
84,84,634,224,696,258,1,1,0,0,0
85,85,250,192,280,210,1,0,0,1,0
86,86,210,192,260,216,1,0,0,0,1
87,87,158,228,218,268,1,0,0,0,1
88,88,122,208,254,276,1,0,0,0,1
89,89,528,248,564,330,1,1,0,0,1
90,90,525,122,679,476,1,1,0,0,1
91,91,31,226,71,298,1,1,0,0,1
92,92,164,254,196,316,1,0,0,0,1
93,93,490,224,526,304,1,1,0,0,1
94,94,732,253,748,279,1,1,0,0,0
95,95,12,323,60,347,1,1,0,0,0
96,96,677,204,699,224,1,1,0,0,0
97,97,692,190,796,320,1,1,0,0,0
98,98,158,206,282,312,1,1,0,0,0
99,99,195,226,247,294,1,1,0,0,0
100,100,-4,218,156,282,1,1,0,0,0
101,101,46,232,108,266,1,1,0,0,0
102,102,216,229,242,243,1,1,0,0,0
103,103,0,216,154,282,1,1,0,0,0
104,104,42,230,108,268,1,1,0,0,0
105,105,0,278,158,354,1,1,0,0,0
106,106,260,230,304,260,1,1,0,0,0
107,107,64,202,228,338,1,0,0,0,1
108,108,517,255,543,265,1,0,0,0,1
109,109,550,252,588,262,1,0,0,0,1
110,110,738,244,768,256,1,0,0,0,1
111,111,658,253,720,269,1,1,0,0,1
112,112,338,250,360,266,1,1,0,0,0
113,113,410,50,422,80,1,1,0,0,0
114,114,198,258,222,274,1,1,0,0,0
115,115,136,248,202,294,1,1,0,0,0
116,116,0,225,104,377,1,1,0,0,0
117,117,148,252,180,270,1,1,0,0,0
118,118,655,236,669,264,1,1,0,0,0
119,119,782,240,792,284,1,1,0,0,0
120,120,500,250,528,270,1,0,0,0,0
121,121,590,261,668,285,1,0,0,0,0
122,122,698,235,764,301,1,0,0,0,0
123,123,658,210,800,318,1,0,0,0,0
124,124,740,274,760,300,1,0,0,0,0
125,125,740,274,760,300,1,0,1,0,0
126,126,488,220,540,252,1,1,0,0,0
127,127,34,240,82,302,1,1,0,0,0
128,128,228,246,296,272,1,0,1,0,0
129,129,0,153,206,417,1,1,0,0,0
130,130,702,276,758,292,1,0,1,0,0
131,131,639,278,691,298,1,0,1,0,0
132,132,10,278,68,304,1,1,0,0,0
133,133,398,262,484,282,1,1,0,0,0
134,134,363,256,535,290,1,1,0,0,0
135,135,116,236,324,308,1,1,1,0,0
136,136,-16,242,244,350,1,1,0,0,0
137,137,400,248,420,262,1,1,0,0,0
138,138,6,250,186,332,1,0,1,1,0
139,139,-12,207,160,381,1,0,1,1,0
140,140,40,236,116,350,1,0,1,1,0
141,141,510,224,566,266,1,0,1,1,0
142,142,576,206,718,294,1,0,0,0,0
143,143,620,222,682,276,1,0,0,0,0
144,144,444,160,580,284,1,0,0,0,0
145,145,4,188,268,354,1,0,0,0,0
146,146,480,186,544,262,1,0,0,0,0
147,147,326,192,492,320,1,1,0,0,1
148,148,554,238,650,328,1,1,0,0,1
149,149,736,258,758,280,1,1,0,0,0
150,150,296,224,306,258,1,1,0,0,0
151,151,720,260,736,278,1,1,0,0,0
152,152,10,238,32,292,1,1,0,0,0
153,153,196,272,210,302,1,1,0,0,0
154,154,288,254,308,266,1,1,0,0,0
155,155,218,251,240,267,1,1,0,0,1
156,156,44,254,190,344,1,1,0,0,1
157,157,114,260,186,284,1,1,0,0,0
158,158,38,252,118,330,1,1,0,0,0
159,159,456,226,476,242,1,1,0,0,0
160,160,522,238,550,258,1,1,0,0,0
161,161,649,238,723,292,1,1,0,0,0
162,162,597,222,771,300,1,1,0,0,0
163,163,486,238,508,252,1,1,0,0,0
164,164,459,248,481,266,1,1,0,0,1
165,165,742,86,756,110,1,1,0,0,0
166,166,259,243,307,273,1,1,0,0,0
167,167,157,16,167,48,1,1,0,0,0
168,168,21,274,185,338,1,1,1,0,0
169,169,66,282,136,326,1,1,1,0,0
170,170,674,262,698,278,1,1,0,0,0
171,171,320,258,340,272,1,0,1,0,0
172,172,106,215,248,293,1,1,0,0,0
173,173,141,226,203,274,1,1,0,0,0
174,174,14,242,34,256,1,1,0,0,0
175,175,603,286,781,332,1,1,0,0,0
176,176,86,254,250,336,1,0,0,0,1
177,177,136,268,208,322,1,0,0,0,1
178,178,26,254,54,272,1,1,0,0,0
179,179,586,246,666,294,1,1,0,0,0
180,180,198,261,218,273,1,1,0,0,0
181,181,163,280,189,298,1,1,0,0,0
182,182,588,224,600,252,1,1,1,0,0
183,183,720,246,744,286,1,1,1,0,0
184,184,-10,242,268,360,1,1,0,0,0
185,185,-14,168,160,310,1,1,0,0,0
186,186,190,222,332,310,1,1,0,0,0
187,187,-12,208,276,362,1,1,0,0,0
188,188,404,257,426,271,1,1,0,0,0
189,189,469,254,495,264,1,0,0,0,0
190,190,487,252,507,266,1,0,0,0,0
191,191,298,236,496,300,1,1,0,0,1
192,192,248,236,266,248,1,1,0,0,1
193,193,524,200,804,396,1,1,0,0,0
194,194,196,238,268,262,1,1,0,0,0
195,195,-3,266,165,344,1,1,1,0,0
196,196,198,254,252,308,1,1,0,0,1
197,197,58,242,162,328,1,1,0,0,0
198,198,226,266,302,296,1,1,0,0,0
199,199,-6,247,216,519,1,1,0,0,0
200,200,224,249,242,263,1,1,0,0,0
201,201,284,246,304,258,1,1,0,0,0
202,202,304,252,324,264,1,1,0,0,0
203,203,283,252,311,266,1,1,0,0,0
204,204,157,242,221,276,1,1,0,0,0
205,205,16,244,198,366,1,1,0,0,0
206,206,386,256,434,280,1,1,0,0,1
207,207,60,220,238,320,1,1,0,0,0
208,208,238,258,268,280,1,0,0,1,0
209,209,-6,222,170,362,1,0,0,0,0
210,210,-4,223,224,405,1,1,0,0,0
211,211,50,263,156,369,1,1,0,0,0
212,212,711,248,771,272,1,1,0,0,0
213,213,78,249,146,279,1,0,0,0,0
214,214,18,250,66,278,1,1,0,0,0
215,215,11,274,29,294,1,1,0,0,0
216,216,5,242,179,362,1,1,0,0,0
217,217,464,192,588,296,1,1,0,0,0
218,218,246,230,292,260,1,1,0,0,1
219,219,-2,180,136,302,1,1,0,0,0
220,220,230,268,288,300,1,1,0,0,0
221,221,502,190,760,346,1,1,0,0,0
222,222,333,250,351,266,1,1,0,0,0
223,223,548,230,610,254,1,0,1,0,0
224,224,372,239,540,325,1,0,1,1,0
225,225,340,332,494,384,1,0,1,0,0
226,226,476,212,804,382,1,0,0,0,0
227,227,465,234,795,382,1,0,0,0,0
228,228,458,226,794,382,1,0,0,0,0
229,229,412,228,798,374,1,0,0,0,0
230,230,422,226,790,374,1,1,1,0,0
231,231,403,225,781,377,1,1,1,0,0
232,232,-2,240,452,470,1,1,0,0,1
233,233,103,208,237,298,1,1,0,0,0
234,234,250,245,312,269,1,0,0,1,0
235,235,226,229,286,263,1,1,0,0,0
236,236,159,214,289,294,1,0,0,1,1
237,237,151,189,491,327,1,1,0,0,0
238,238,431,246,449,270,1,0,0,1,0
239,239,424,200,478,232,1,0,0,1,0
240,240,363,147,509,293,1,0,0,0,1
241,241,351,117,715,321,1,0,0,0,1
242,242,38,256,182,336,1,1,0,0,0
243,243,76,267,140,319,1,1,0,0,0
244,244,16,290,68,340,1,1,0,0,0
245,245,103,246,181,268,1,1,0,0,0
246,246,-4,221,156,317,1,1,0,0,0
247,247,40,233,104,301,1,1,0,0,0
248,248,430,232,476,260,1,0,0,0,1
249,249,338,218,348,254,1,0,0,1,0
250,250,242,198,260,244,1,0,1,0,0
251,251,74,188,98,246,1,0,0,1,0
252,252,602,250,662,278,1,1,0,0,0
253,253,634,222,734,322,1,1,0,0,0
254,254,558,202,808,340,1,1,0,0,0
255,255,411,214,535,296,1,0,0,0,0
256,256,452,215,518,281,1,0,0,0,0
257,257,445,188,591,322,1,0,0,0,1
258,258,440,180,652,330,1,1,0,0,1
259,259,448,161,766,363,1,1,0,0,1
260,260,486,116,812,416,1,1,1,0,0
261,261,635,244,683,282,1,0,0,1,1
262,262,481,244,527,276,1,0,0,1,1
263,263,142,226,210,298,1,1,0,0,0
264,264,31,170,247,308,1,1,0,0,1
265,265,6,138,298,364,1,1,0,0,0
266,266,267,245,277,271,1,1,1,0,0
267,267,204,250,218,278,1,0,0,1,0
268,268,640,312,736,402,1,0,0,0,0
269,269,690,252,702,278,1,1,0,0,0
270,270,242,250,296,284,1,1,0,0,0
271,271,200,196,320,292,1,1,0,0,0
272,272,70,210,248,324,1,1,0,0,0
273,273,422,205,476,245,1,0,0,1,0
274,274,524,156,684,314,1,0,0,1,0
275,275,566,184,642,284,1,0,0,1,0
276,276,402,220,426,230,1,0,1,0,0
277,277,534,158,606,262,1,0,1,0,0
278,278,476,182,544,268,1,0,0,0,0
279,279,442,225,496,263,1,1,0,0,0
280,280,177,252,351,316,1,1,0,0,0
281,281,59,264,291,354,1,1,0,0,0
282,282,374,224,414,248,1,1,0,0,0
283,283,359,190,485,314,1,1,0,0,0
284,284,570,111,790,373,1,1,1,0,0
285,285,45,241,127,331,1,1,0,0,0
286,286,-6,214,182,358,1,1,0,0,0
287,287,248,182,278,204,1,0,0,0,0
288,288,398,206,452,236,1,0,0,0,0
289,289,158,182,236,242,1,1,0,0,1
290,290,695,257,759,373,1,1,1,0,0
291,291,122,232,168,258,1,1,0,0,0
292,292,4,190,108,348,1,1,0,0,0
293,293,312,254,334,268,1,1,0,0,0
294,294,120,240,204,304,1,1,0,0,0
295,295,289,219,309,271,1,0,0,1,0
296,296,84,211,108,277,1,0,0,0,0
297,297,418,238,426,264,1,0,0,0,0
298,298,446,248,456,274,1,0,0,0,0
299,299,274,78,284,116,1,0,0,0,0
300,300,482,246,494,274,1,0,0,0,0
301,301,47,215,239,317,1,1,0,0,0
302,302,570,215,588,269,1,0,0,1,0
303,303,582,206,616,278,1,0,0,0,1
304,304,666,106,784,402,1,1,0,0,0
305,305,141,228,323,304,1,0,0,0,1
306,306,462,212,806,312,1,1,0,0,0
307,307,161,228,233,306,1,1,0,0,0
308,308,16,245,304,361,1,1,0,0,0
309,309,2,225,178,353,1,1,0,0,0
310,310,16,242,56,292,1,0,0,0,1
311,311,480,197,546,277,1,1,1,0,0
312,312,331,228,367,240,1,1,1,0,0
313,313,444,142,580,300,1,1,1,0,0
314,314,620,114,800,400,1,1,0,0,0
315,315,271,274,325,302,1,1,0,0,0
316,316,202,258,262,288,1,1,1,0,0
317,317,140,252,186,276,1,1,0,0,0
318,318,22,222,204,346,1,1,0,0,0
319,319,-1,184,163,332,1,1,0,0,0
320,320,44,212,116,312,1,1,0,0,0
321,321,404,284,466,320,1,1,0,0,0
322,322,273,211,443,327,1,0,0,0,0
323,323,260,223,344,319,1,0,0,0,1
324,324,571,130,807,466,1,1,0,0,0
325,325,4,230,168,386,1,0,0,0,0
326,326,154,118,658,500,1,1,0,0,0
327,327,379,182,641,382,1,1,1,0,0
328,328,318,214,568,352,1,1,0,0,0
329,329,296,236,504,366,1,1,1,0,0
330,330,318,249,400,343,1,1,0,0,1
331,331,259,240,437,360,1,1,1,0,0
332,332,426,228,590,362,1,1,1,0,0
333,333,50,264,158,326,1,1,0,0,0
334,334,96,246,196,340,1,1,0,0,1
335,335,58,244,222,328,1,1,1,0,0
336,336,94,255,166,281,1,1,0,0,0
337,337,568,232,620,300,1,1,0,0,0
338,338,523,136,803,460,1,1,0,0,0
339,339,224,256,246,270,1,1,0,0,0
340,340,341,240,363,254,1,1,0,0,0
341,341,409,240,461,262,1,1,0,0,0
342,342,446,244,504,270,1,1,0,0,0
343,343,644,258,744,364,1,1,0,0,0
344,344,118,236,212,306,1,1,1,0,0
345,345,173,236,247,266,1,0,0,0,0
346,346,390,202,454,240,1,0,0,0,0
347,347,340,190,476,306,1,1,0,0,0
348,348,-8,262,150,342,1,1,0,0,0
349,349,414,250,434,266,1,0,0,1,0
350,350,524,242,586,268,1,1,0,0,0
351,351,136,246,212,274,1,0,0,0,1
352,352,342,231,412,265,1,0,0,0,1
353,353,328,205,442,299,1,0,0,0,1
354,354,380,193,536,323,1,1,0,0,1
355,355,568,164,798,410,1,1,0,0,0
356,356,279,266,303,280,1,1,1,0,0
357,357,729,236,763,248,1,1,0,0,0
358,358,114,248,206,280,1,0,0,1,0
359,359,394,239,596,385,1,1,0,0,0
360,360,399,221,541,317,1,0,0,1,0
361,361,396,220,626,360,1,1,0,0,0
362,362,634,246,686,270,1,1,0,0,0
363,363,-2,228,352,390,1,1,0,0,0
364,364,6,234,164,306,1,1,0,0,1
365,365,5,224,165,452,1,1,0,0,0
366,366,106,246,180,270,1,0,0,0,0
367,367,418,208,472,290,1,0,0,0,0
368,368,362,203,528,337,1,0,0,1,0
369,369,352,202,524,322,1,0,0,0,0
370,370,395,239,445,297,1,1,1,0,0
371,371,488,262,564,296,1,1,0,0,0
372,372,344,252,364,264,1,1,0,0,0
373,373,259,250,279,270,1,1,0,0,0
374,374,179,245,235,273,1,1,0,0,0
375,375,532,277,596,331,1,1,0,0,0
376,376,475,276,491,294,1,1,0,0,0
377,377,118,260,300,336,1,1,0,0,0
378,378,488,264,636,346,1,1,0,0,0
379,379,534,248,724,356,1,1,0,0,0
380,380,497,271,521,291,1,1,0,0,0
381,381,510,274,560,294,1,1,0,0,0
382,382,584,209,800,393,1,1,0,0,0
383,383,491,273,557,297,1,1,0,0,0
384,384,492,285,570,309,1,1,0,0,0
385,385,306,260,328,274,1,1,0,0,0
386,386,476,262,670,356,1,1,0,0,0
387,387,115,255,217,335,1,1,0,0,0
388,388,40,238,300,354,1,1,0,0,0
389,389,584,228,672,320,1,1,0,0,0
390,390,263,254,299,276,1,1,0,0,1
391,391,18,232,200,314,1,1,0,0,1
392,392,76,254,148,304,1,1,0,0,1
393,393,60,250,88,264,1,1,0,0,0
394,394,644,200,782,308,1,1,1,0,0
395,395,70,235,236,329,1,1,0,0,0
396,396,310,250,388,276,1,0,0,0,0
397,397,302,235,324,247,1,1,1,0,0
398,398,287,242,311,258,1,1,0,0,0
399,399,134,232,186,254,1,1,0,0,0
400,400,20,244,86,278,1,1,0,0,1
401,401,484,246,820,462,1,1,1,0,0
402,402,192,244,202,284,1,0,0,0,1
403,403,428,229,450,269,1,1,0,0,1
404,404,506,230,698,304,1,0,0,0,0
405,405,434,244,446,276,1,1,0,0,0
406,406,356,237,390,293,1,1,0,0,1
407,407,64,262,248,336,1,1,0,0,0
408,408,218,212,240,224,1,0,0,1,1
409,409,335,228,355,242,1,0,0,1,0
410,410,382,228,408,246,1,0,0,0,0
411,411,358,224,402,246,1,0,0,0,0
412,412,510,272,572,302,1,0,0,1,0
413,413,409,248,495,336,1,1,0,0,0
414,414,346,226,426,306,1,1,0,0,1
415,415,310,234,386,308,1,1,0,0,0
416,416,316,242,496,340,1,1,0,0,0
417,417,230,247,408,357,1,0,0,0,0
418,418,260,203,670,459,1,0,0,1,1
419,419,56,160,398,332,1,0,0,0,1
420,420,178,183,522,347,1,1,1,0,0
421,421,509,210,801,416,1,1,1,0,0
422,422,646,249,796,445,1,1,1,0,0
423,423,0,110,162,328,1,1,0,0,0
424,424,4,74,158,416,1,1,0,0,0
425,425,148,232,164,246,1,1,0,0,0
426,426,576,220,586,248,1,0,0,1,0
427,427,488,225,698,265,1,1,1,0,0
428,428,354,234,542,276,1,1,0,0,0
429,429,544,240,710,282,1,1,0,0,0
430,430,408,241,492,269,1,1,0,0,0
431,431,598,244,666,268,1,1,0,0,0
432,432,314,242,394,260,1,1,0,0,0
433,433,112,256,306,324,1,1,0,0,0
434,434,772,242,782,278,1,0,0,0,1
435,435,712,247,726,271,1,0,0,0,1
436,436,276,266,348,290,1,0,0,0,1
437,437,228,242,456,326,1,1,0,0,0
438,438,404,240,420,256,1,0,1,0,0
439,439,186,255,220,273,1,0,0,0,0
440,440,182,246,252,266,1,0,0,0,0
441,441,499,236,519,256,1,0,0,0,0
442,442,662,164,736,272,1,0,0,0,0
443,443,558,72,804,354,1,0,0,0,0
444,444,497,246,521,264,1,0,0,0,0
445,445,412,104,424,122,1,0,0,0,0
446,446,614,39,626,69,1,1,0,0,0
447,447,420,35,432,65,1,1,0,0,0
448,448,569,252,591,270,1,1,0,0,0
449,449,368,228,414,290,1,1,0,0,0
450,450,696,166,802,346,1,1,0,0,0
451,451,534,258,556,282,1,1,0,0,0
452,452,296,235,366,309,1,1,0,0,0
453,453,-3,209,285,359,1,1,0,0,0
454,454,421,260,443,278,1,1,0,0,0
455,455,402,270,454,298,1,1,0,0,0
456,456,590,298,800,396,1,1,0,0,0
457,457,423,258,447,272,1,1,0,0,0
458,458,606,242,796,382,1,1,0,0,0
459,459,467,254,485,266,1,0,0,0,0
460,460,661,236,671,268,1,1,0,0,0
461,461,84,257,142,281,1,1,0,0,0
462,462,17,249,79,287,1,1,0,0,0
463,463,174,206,344,306,1,1,0,0,0
464,464,2,136,296,352,1,1,1,0,0
465,465,12,238,178,332,1,1,0,0,1
466,466,398,254,416,266,1,0,0,1,0
467,467,501,251,519,267,1,0,0,0,0
468,468,366,256,388,270,1,0,0,0,0
469,469,324,248,370,270,1,1,0,0,0
470,470,512,244,578,268,1,1,0,0,0
471,471,284,250,342,310,1,1,0,0,0
472,472,490,255,574,307,1,1,0,0,0
473,473,56,244,208,326,1,0,0,0,1
474,474,-8,214,102,398,1,1,0,0,0
475,475,82,211,216,299,1,1,0,0,0
476,476,439,250,455,264,1,1,0,0,0
477,477,220,253,372,327,1,1,0,0,0
478,478,248,258,402,360,1,1,0,0,0
479,479,456,258,476,272,1,1,0,0,0
480,480,8,205,174,483,1,1,0,0,1
481,481,291,254,311,270,1,1,0,0,1
482,482,691,250,705,276,1,1,0,0,0
483,483,273,252,293,270,1,1,0,0,0
484,484,527,258,589,286,1,1,0,0,0
485,485,642,251,724,319,1,1,0,0,0
486,486,645,239,805,393,1,1,0,0,0
487,487,24,255,104,277,1,1,0,0,1
488,488,574,232,640,286,1,1,0,0,0
489,489,532,259,558,275,1,1,0,0,1
490,490,546,257,604,277,1,1,1,0,0
491,491,461,253,483,267,1,1,1,0,0
492,492,12,266,74,306,1,0,0,0,0
493,493,699,218,753,262,1,0,0,0,0
494,494,658,203,798,273,1,0,0,0,0
495,495,313,214,327,224,1,0,0,0,0
496,496,376,234,394,246,1,1,0,0,1
497,497,232,256,292,276,1,1,0,0,1
498,498,315,247,337,263,1,1,0,0,0
499,499,4,240,126,358,1,1,0,0,0
500,500,629,245,643,279,1,1,0,0,0
501,501,120,251,144,263,1,1,0,0,0
502,502,520,246,570,268,1,1,1,0,0
503,503,142,272,314,350,1,0,1,1,0
504,504,664,250,798,350,1,0,1,1,0
505,505,6,272,106,426,1,0,1,1,0
506,506,749,244,777,254,1,1,1,0,0
507,507,458,262,486,274,1,1,1,0,0
508,508,14,245,66,277,1,1,1,0,0
509,509,73,253,97,267,1,1,0,0,0
510,510,74,247,160,265,1,1,0,0,0
511,511,338,254,360,264,1,1,0,0,0
512,512,98,266,122,282,1,1,0,0,0
513,513,30,274,58,286,1,1,0,0,0
514,514,92,256,162,304,1,1,0,0,0
515,515,64,265,158,321,1,1,0,0,0
516,516,-4,248,230,346,1,1,1,0,0
517,517,0,244,154,364,1,1,0,0,0
518,518,24,264,50,276,1,1,0,0,0
519,519,26,262,50,276,1,1,0,0,0
520,520,268,256,294,270,1,1,0,0,0
521,521,220,262,278,284,1,1,0,0,0
522,522,2,255,216,351,1,1,1,0,0
523,523,106,264,170,310,1,1,0,0,0
524,524,114,282,140,294,1,1,0,0,0
525,525,282,275,304,285,1,1,0,0,0
526,526,269,276,301,294,1,1,1,0,0
527,527,178,277,208,289,1,1,1,0,0
528,528,240,270,304,320,1,0,0,0,0
529,529,192,255,346,329,1,0,0,0,0
530,530,4,235,254,389,1,0,0,0,0
531,531,358,252,374,268,1,0,0,0,0
532,532,135,246,159,258,1,0,0,0,0
533,533,312,246,354,274,1,0,0,1,0
534,534,230,250,250,262,1,0,0,1,0
535,535,48,176,120,252,1,0,0,0,0
536,536,267,223,331,257,1,0,0,0,0
537,537,107,184,321,330,1,1,0,0,0
538,538,0,148,200,390,1,1,0,0,1
539,539,366,252,386,268,1,1,0,0,0
540,540,48,247,108,279,1,1,0,0,0
541,541,42,258,70,274,1,1,1,0,0
542,542,315,258,373,286,1,1,0,0,0
543,543,42,262,124,284,1,1,0,0,0
544,544,458,262,610,358,1,1,0,0,0
545,545,556,264,660,362,1,1,0,0,0
546,546,460,260,486,278,1,1,0,0,0
547,547,536,244,800,412,1,1,0,0,0
548,548,474,260,498,276,1,1,0,0,0
549,549,514,247,572,295,1,1,0,0,0
550,550,246,267,314,293,1,1,0,0,0
551,551,468,231,608,311,1,1,0,0,0
552,552,528,248,624,328,1,1,0,0,0
553,553,495,233,805,435,1,1,0,0,0
554,554,335,250,357,260,1,1,0,0,0
555,555,299,226,337,258,1,1,0,0,0
556,556,-8,21,218,475,1,1,0,0,0
557,557,20,262,92,286,1,1,0,0,0
558,558,506,244,554,272,1,0,1,0,0
559,559,498,230,562,266,1,0,0,1,0
560,560,211,189,453,385,1,1,0,0,1
561,561,182,161,454,407,1,1,0,0,1
562,562,498,202,752,370,1,1,0,0,0
563,563,574,231,682,345,1,1,0,0,0
564,564,20,250,80,272,1,1,0,0,0
565,565,458,228,622,336,1,1,0,0,0
566,566,410,235,562,327,1,1,0,0,0
567,567,146,238,306,336,1,1,0,0,1
568,568,144,222,322,340,1,1,0,0,1
569,569,462,218,554,324,1,0,0,0,0
570,570,606,238,636,256,1,0,0,0,0
571,571,682,160,802,354,1,1,1,0,0
572,572,464,234,498,256,1,1,0,0,1
573,573,401,254,423,270,1,0,0,0,1
574,574,408,140,764,398,1,0,0,0,1
575,575,328,223,400,243,1,1,1,0,0
576,576,515,236,545,252,1,1,1,0,0
577,577,501,234,529,252,1,1,1,0,0
578,578,474,245,552,265,1,1,0,0,0
579,579,291,243,373,269,1,1,0,0,0
580,580,252,222,404,290,1,1,0,0,0
581,581,738,256,762,272,1,1,0,0,0
582,582,188,236,366,302,1,1,0,0,1
583,583,246,248,324,290,1,1,0,0,1
584,584,496,247,788,325,1,1,0,0,1
585,585,586,246,798,348,1,1,0,0,0
586,586,256,232,444,304,1,1,0,0,0
587,587,310,244,390,294,1,1,0,0,0
588,588,398,226,674,332,1,0,0,0,0
589,589,14,243,260,369,1,1,0,0,0
590,590,484,204,798,360,1,1,0,0,0
591,591,458,210,800,412,1,1,0,0,1
592,592,580,167,804,439,1,1,0,0,1
593,593,8,196,182,314,1,1,1,0,0
594,594,14,243,74,279,1,1,1,0,0
595,595,144,206,244,264,1,1,1,0,0
596,596,18,254,68,282,1,1,0,0,0
597,597,110,237,188,261,1,1,0,0,0
598,598,16,253,94,285,1,1,0,0,0
599,599,23,275,109,297,1,1,0,0,0
600,600,-6,253,230,349,1,1,1,0,0
601,601,64,269,160,339,1,1,1,0,0
602,602,378,249,394,263,1,1,0,0,0
603,603,332,258,354,274,1,1,0,0,1
604,604,350,247,398,267,1,1,0,0,1
605,605,350,247,398,267,1,1,0,0,0
606,606,497,258,563,288,1,1,0,0,0
607,607,538,214,798,384,1,1,0,0,0
608,608,718,264,776,300,1,1,0,0,0
609,609,719,204,769,280,1,1,0,0,0
610,610,625,212,699,260,1,1,0,0,0
611,611,626,246,712,290,1,1,0,0,0
612,612,587,218,789,302,1,1,0,0,0
613,613,728,268,786,306,1,1,0,0,0
614,614,36,297,94,319,1,1,0,0,1
615,615,113,220,281,266,1,1,1,0,0
616,616,175,230,235,264,1,1,1,0,0
617,617,308,227,506,273,1,1,1,0,0
618,618,244,253,268,265,1,1,0,0,1
619,619,82,260,124,276,1,1,0,0,0
620,620,86,258,114,270,1,1,0,0,0
621,621,130,258,188,300,1,1,0,0,0
622,622,105,256,119,288,1,1,0,0,0
623,623,260,261,282,275,1,1,1,0,0
624,624,18,275,92,311,1,1,0,0,0
625,625,128,252,140,272,1,1,0,0,0
626,626,26,260,84,284,1,1,0,0,0
627,627,27,286,53,302,1,1,0,0,0
628,628,124,253,212,283,1,1,0,0,0
629,629,109,230,235,302,1,1,0,0,0
630,630,36,252,98,332,1,1,0,0,0
631,631,12,258,196,330,1,1,0,0,0
632,632,332,250,350,264,1,1,0,0,0
633,633,288,249,308,265,1,1,0,0,0
634,634,240,254,262,272,1,1,0,0,0
635,635,250,254,272,268,1,1,0,0,0
636,636,3,238,213,374,1,1,0,0,0
637,637,340,250,358,262,1,1,0,0,0
638,638,63,252,149,352,1,1,0,0,0
639,639,236,260,294,284,1,1,0,0,0
640,640,101,254,175,318,1,1,0,0,1
641,641,532,260,554,274,1,1,0,0,0
642,642,622,268,716,294,1,1,0,0,0
643,643,517,266,537,278,1,1,0,0,0
644,644,627,234,795,338,1,1,0,0,1
645,645,140,259,214,281,1,1,0,0,0
646,646,535,244,583,268,1,1,0,0,0
647,647,726,225,776,251,1,1,0,0,1
648,648,705,183,759,211,1,0,1,0,0
649,649,484,274,542,300,1,1,0,0,0
650,650,534,228,798,400,1,1,0,0,0
651,651,606,242,800,470,1,1,0,0,0
652,652,484,251,658,289,1,1,0,0,0
653,653,578,211,800,301,1,1,0,0,0
654,654,566,220,576,246,1,0,0,0,0
655,655,677,246,705,290,1,0,0,1,0
656,656,248,282,272,296,1,1,0,0,1
657,657,162,267,244,287,1,1,0,0,1
658,658,426,230,610,308,1,1,0,0,0
659,659,270,260,296,270,1,1,0,0,0
660,660,455,253,483,265,1,1,0,0,0
661,661,448,268,480,278,1,1,1,0,0
662,662,592,285,618,295,1,1,1,0,0
663,663,268,274,344,294,1,1,1,0,0
664,664,592,294,618,308,1,1,1,0,0
665,665,155,273,227,307,1,1,0,0,0
666,666,106,258,282,310,1,1,0,0,0
667,667,11,248,39,288,1,1,0,0,0
668,668,62,212,128,232,1,1,0,0,1
669,669,330,228,350,244,1,1,0,0,1
670,670,217,228,263,254,1,1,0,0,0
671,671,706,218,734,248,1,1,0,0,0
672,672,262,60,272,86,1,0,0,0,1
673,673,2,168,260,460,1,0,0,0,1
674,674,14,270,62,310,1,1,0,0,0
675,675,742,258,786,318,1,1,0,0,0
676,676,284,286,308,300,1,1,0,0,0
677,677,176,280,236,304,1,1,0,0,0
678,678,683,288,707,304,1,1,0,0,0
679,679,18,274,86,310,1,1,0,0,0
680,680,726,279,782,303,1,1,0,0,0
681,681,158,272,232,292,1,1,0,0,0
682,682,645,250,667,266,1,1,0,0,0
683,683,14,266,64,306,1,1,0,0,0
684,684,765,272,783,294,1,1,0,0,0
685,685,22,278,52,298,1,1,1,0,0
686,686,516,262,538,272,1,1,1,0,0
687,687,550,258,576,274,1,1,0,0,0
688,688,618,242,774,302,1,1,0,0,0
689,689,498,252,518,264,1,1,0,0,0
690,690,428,260,450,278,1,1,0,0,0
691,691,494,266,560,290,1,1,0,0,0
692,692,376,253,394,267,1,1,0,0,0
693,693,196,252,214,264,1,1,0,0,0
694,694,572,243,802,429,1,1,0,0,0
695,695,436,266,508,292,1,1,0,0,0
696,696,88,252,134,276,1,1,0,0,0
697,697,12,273,58,313,1,1,0,0,0
698,698,70,259,144,287,1,1,0,0,0
699,699,156,258,178,278,1,1,0,0,0
700,700,222,277,246,287,1,1,0,0,0
701,701,355,12,367,42,1,1,0,0,0
702,702,114,273,172,301,1,1,0,0,0
703,703,337,278,355,290,1,1,0,0,0
704,704,524,278,548,290,1,1,0,0,0
705,705,128,298,148,310,1,1,0,0,0
706,706,241,294,271,318,1,1,0,0,0
707,707,10,252,260,376,1,1,0,0,0
708,708,578,260,614,274,1,1,0,0,0
709,709,670,270,756,290,1,1,0,0,0
710,710,710,250,774,274,1,1,0,0,0
711,711,17,272,93,304,1,1,0,0,0
712,712,230,276,280,302,1,1,0,0,0
713,713,754,256,768,286,1,1,0,0,0
714,714,92,267,128,279,1,1,0,0,0
715,715,114,267,148,279,1,1,0,0,0
716,716,528,192,664,300,1,0,0,0,0
717,717,632,177,804,419,1,0,0,0,0
718,718,345,88,355,110,1,1,0,0,0
719,719,681,302,693,336,1,1,0,0,0
720,720,568,303,580,329,1,1,0,0,0
721,721,174,266,236,294,1,1,0,0,0
722,722,399,252,427,274,1,1,0,0,0
723,723,490,186,672,266,1,1,1,0,0
724,724,88,211,178,273,1,1,1,0,0
725,725,246,232,326,260,1,0,0,0,0
726,726,4,166,112,306,1,1,0,0,0
727,727,34,192,82,280,1,1,0,0,0
728,728,356,106,366,130,1,1,0,0,0
729,729,16,274,68,310,1,1,0,0,0
730,730,515,178,687,316,1,1,0,0,0
731,731,692,92,794,412,1,1,0,0,0
732,732,220,216,244,230,1,0,0,1,0
733,733,374,222,464,242,1,0,0,1,0
734,734,333,206,509,300,1,0,0,1,0
735,735,241,226,271,244,1,0,0,1,0
736,736,164,209,472,369,1,0,0,0,0
737,737,220,227,248,241,1,0,0,0,0
738,738,356,88,368,114,1,1,0,0,0
739,739,631,242,643,272,1,1,0,0,0
740,740,688,256,700,288,1,1,0,0,0
741,741,372,76,384,104,1,1,0,0,0
742,742,236,274,284,298,1,1,0,0,0
743,743,240,275,302,299,1,1,0,0,0
744,744,415,16,427,48,1,1,0,0,0
745,745,34,232,236,332,1,1,0,0,0
746,746,4,242,110,424,1,1,0,0,0
747,747,31,278,81,384,1,1,0,0,0
748,748,440,262,460,272,1,1,0,0,1
749,749,644,239,664,281,1,1,0,0,1
750,750,442,258,462,272,1,1,0,0,0
751,751,606,238,616,280,1,1,0,0,0
752,752,659,242,671,278,1,1,0,0,0
753,753,526,254,588,278,1,1,0,0,0
754,754,564,248,808,368,1,1,0,0,0
755,755,542,276,596,306,1,1,0,0,0
756,756,228,260,240,284,1,1,1,0,0
757,757,136,254,194,312,1,1,0,0,0
758,758,95,240,227,326,1,1,0,0,0
759,759,72,288,150,306,1,0,0,0,0
760,760,366,204,388,220,1,0,0,1,0
761,761,423,230,459,256,1,1,0,0,0
762,762,459,290,505,314,1,1,0,0,0
763,763,538,287,622,317,1,1,0,0,0
764,764,70,284,162,350,1,1,0,0,0
765,765,246,272,270,290,1,1,0,0,0
766,766,15,258,167,320,1,1,0,0,0
767,767,394,262,420,280,1,1,0,0,1
768,768,555,253,639,313,1,1,0,0,0
769,769,407,13,419,41,1,0,0,1,0
770,770,431,260,449,270,1,0,0,1,0
771,771,425,227,445,241,1,0,0,1,0
772,772,432,246,480,270,1,0,0,0,0
773,773,426,242,478,292,1,0,1,0,0
774,774,378,224,518,302,1,0,1,0,0
775,775,380,254,396,278,1,0,1,0,0
776,776,183,237,517,391,1,0,1,0,0
777,777,490,264,572,296,1,1,0,0,0
778,778,57,278,167,350,1,1,0,0,0
779,779,60,213,200,281,1,0,0,0,1
780,780,148,228,358,338,1,1,0,0,0
781,781,93,246,457,436,1,1,0,0,1
782,782,-2,204,312,504,1,1,0,0,0
783,783,382,223,402,269,1,1,0,0,1
784,784,382,238,404,282,1,1,0,0,1
785,785,391,240,411,290,1,0,0,0,0
786,786,392,240,410,288,1,0,0,0,0
787,787,391,240,411,288,1,0,0,0,0
788,788,392,240,410,288,1,0,0,0,0
789,789,393,241,411,289,1,0,0,0,0
790,790,393,241,411,289,1,0,0,0,0
791,791,394,244,412,290,1,0,0,0,0
792,792,395,242,413,290,1,0,0,0,0
793,793,396,242,412,290,1,0,0,0,0
794,794,395,242,411,290,1,0,0,0,0
795,795,396,242,412,290,1,0,0,0,0
796,796,394,243,412,289,1,0,0,0,0
797,797,394,242,412,288,1,0,0,0,0
798,798,394,243,412,289,1,0,1,0,0
799,799,394,242,412,288,1,0,1,0,0
800,800,394,242,412,290,1,0,0,0,0
801,801,393,242,411,290,1,0,0,0,0
802,802,392,240,410,288,1,0,1,0,0
803,803,394,242,410,288,1,0,1,0,0
804,804,376,247,398,293,1,1,0,0,1
805,805,394,237,414,289,1,1,0,0,1
806,806,11,268,33,316,1,0,0,0,1
807,807,294,230,312,292,1,0,0,0,1
808,808,607,213,635,281,1,0,0,0,1
809,809,680,222,714,302,1,0,0,0,0
810,810,671,228,705,300,1,0,0,0,0
811,811,680,224,710,304,1,0,0,0,0
812,812,678,225,706,303,1,0,0,0,0
813,813,680,220,712,302,1,0,0,0,0
814,814,682,222,716,300,1,0,0,0,0
815,815,682,222,712,302,1,0,0,0,0
816,816,680,222,712,302,1,0,0,0,0
817,817,682,224,712,302,1,0,1,0,0
818,818,682,222,712,304,1,0,1,0,0
819,819,682,224,712,304,1,0,1,1,0
820,820,710,220,742,302,1,0,1,1,0
821,821,150,245,172,291,1,1,0,0,1
822,822,133,248,159,290,1,1,0,0,1
823,823,274,244,298,294,1,1,0,0,1
824,824,709,246,719,278,1,1,0,0,0
825,825,552,221,572,261,1,1,0,0,0
826,826,565,246,579,280,1,0,0,0,0
827,827,521,246,531,274,1,1,0,0,0
828,828,604,240,616,272,1,1,0,0,1
829,829,646,250,658,290,1,1,0,0,0
830,830,372,265,396,279,1,1,0,0,1
831,831,318,252,342,270,1,1,0,0,1
832,832,470,248,526,270,1,1,0,0,1
833,833,532,253,558,273,1,1,0,0,1
834,834,597,311,791,409,1,1,0,0,0
835,835,240,267,320,291,1,1,0,0,0
836,836,440,242,466,258,1,1,0,0,0
837,837,196,150,342,272,1,0,0,1,0
838,838,-2,43,174,369,1,0,1,0,0
839,839,669,240,795,362,1,1,0,0,1
840,840,436,65,448,91,1,1,0,0,1
841,841,340,232,358,246,1,0,0,1,1
842,842,357,236,407,266,1,1,0,0,0
843,843,72,234,236,332,1,1,0,0,0
844,844,714,258,744,312,1,1,0,0,1
845,845,120,254,144,266,1,1,0,0,1
846,846,398,252,416,266,1,1,0,0,0
847,847,268,262,294,276,1,1,0,0,0
848,848,146,251,208,311,1,1,0,0,0
849,849,556,264,588,274,1,1,0,0,1
850,850,676,258,710,272,1,1,0,0,1
851,851,208,237,230,251,1,1,0,0,0
852,852,682,210,694,240,1,1,0,0,0
853,853,401,33,411,55,1,1,0,0,0
854,854,546,230,606,252,1,1,0,0,0
855,855,228,244,292,268,1,1,0,0,0
856,856,530,196,588,244,1,1,0,0,0
857,857,12,218,62,268,1,1,0,0,0
858,858,108,196,118,222,1,1,0,0,0
859,859,404,251,428,267,1,1,0,0,1
860,860,544,212,788,314,1,1,0,0,1
861,861,526,237,610,295,1,0,1,1,0
862,862,422,261,444,275,1,0,0,0,0
863,863,291,162,627,282,1,0,0,0,0
864,864,396,56,408,74,1,0,0,0,0
865,865,502,60,516,84,1,1,0,0,0
866,866,589,260,615,274,1,0,1,0,0
867,867,608,228,760,298,1,0,1,0,0
868,868,658,237,720,283,1,0,1,0,0
869,869,734,264,784,306,1,1,0,0,0
870,870,182,245,350,301,1,1,0,0,0
871,871,556,262,588,276,1,1,0,0,0
872,872,154,248,180,266,1,1,0,0,0
873,873,-4,202,140,362,1,1,0,0,0
874,874,12,273,30,295,1,1,0,0,0
875,875,525,253,601,275,1,1,0,0,0
876,876,18,207,164,277,1,1,0,0,0
877,877,506,213,680,259,1,1,0,0,0
878,878,618,203,710,263,1,1,0,0,0
879,879,554,190,774,276,1,1,0,0,0
880,880,24,230,80,262,1,1,0,0,0
881,881,648,232,740,332,1,1,0,0,0
882,882,650,230,662,256,1,1,0,0,0
883,883,571,234,633,300,1,1,0,0,0
884,884,135,245,207,277,1,1,0,0,0
885,885,107,227,237,295,1,1,0,0,0
886,886,492,250,542,280,1,1,1,0,0
887,887,28,260,62,278,1,1,0,0,0
888,888,-3,210,155,322,1,0,0,0,0
889,889,258,228,278,240,1,0,0,0,0
890,890,16,232,74,268,1,1,0,0,0
891,891,0,241,140,303,1,1,0,0,0
892,892,618,250,628,280,1,1,0,0,1
893,893,464,246,476,272,1,1,0,0,1
894,894,680,272,714,310,1,1,0,0,0
895,895,104,242,126,290,1,1,0,0,0
896,896,122,244,148,290,1,1,0,0,0
897,897,719,213,737,263,1,0,0,0,0
898,898,649,221,675,263,1,0,0,0,0
899,899,718,211,738,261,1,0,0,0,0
900,900,648,216,672,258,1,0,0,0,0
901,901,717,210,737,260,1,0,0,0,0
902,902,648,216,672,258,1,0,0,0,0
903,903,716,217,736,261,1,0,0,0,0
904,904,648,219,672,261,1,0,0,0,0
905,905,716,217,736,263,1,0,0,0,0
906,906,650,222,674,262,1,0,0,0,0
907,907,714,220,736,262,1,0,0,0,0
908,908,648,220,674,262,1,0,0,0,0
909,909,716,220,736,262,1,0,0,0,0
910,910,650,222,674,262,1,0,0,0,0
911,911,716,218,736,262,1,0,0,0,0
912,912,650,222,674,262,1,0,0,0,0
913,913,716,218,738,262,1,0,0,0,0
914,914,716,218,736,262,1,0,0,0,0
915,915,649,219,673,261,1,0,0,0,0
916,916,715,218,737,262,1,0,0,0,0
917,917,716,219,738,263,1,0,0,0,0
918,918,648,220,674,262,1,0,0,0,0
919,919,648,217,676,261,1,0,0,0,0
920,920,692,169,800,345,1,0,0,0,0
921,921,704,162,792,444,1,0,0,0,0
922,922,646,181,752,341,1,0,0,0,0
923,923,591,190,731,316,1,0,0,0,0
924,924,600,190,706,334,1,0,0,0,0
925,925,580,192,682,326,1,0,0,0,0
926,926,708,218,732,260,1,0,0,0,0
927,927,602,234,652,290,1,0,0,0,0
928,928,707,217,729,261,1,0,0,0,0
929,929,708,218,728,262,1,1,0,0,0
930,930,590,240,624,288,1,1,0,0,0
931,931,573,240,611,290,1,1,0,0,1
932,932,718,218,740,268,1,1,0,0,0
933,933,580,250,626,318,1,1,0,0,0
934,934,692,238,726,300,1,0,0,0,0
935,935,709,234,751,302,1,1,0,0,1
936,936,3,486,169,590,1,1,1,0,0
937,937,86,252,198,308,1,1,1,0,0
938,938,64,204,436,314,1,0,0,0,1
939,939,692,228,750,260,1,0,0,0,1
940,940,126,166,556,332,1,1,1,0,0
941,941,459,176,803,360,1,0,1,0,0
942,942,383,175,805,365,1,1,0,0,0
943,943,259,165,663,375,1,1,0,0,0
944,944,546,168,796,440,1,1,0,0,0
945,945,414,208,436,218,1,0,0,0,0
946,946,579,168,607,182,1,0,0,0,1
947,947,554,184,584,200,1,1,0,0,0
948,948,508,192,688,244,1,0,1,1,0
949,949,440,216,474,230,1,0,1,1,0
950,950,630,196,708,234,1,0,1,1,0
951,951,456,204,484,218,1,0,1,1,0
952,952,101,234,125,246,1,0,1,1,0
953,953,492,172,592,232,1,1,0,0,1
954,954,-10,173,324,305,1,1,1,0,0
955,955,69,198,231,278,1,1,1,0,0
956,956,6,113,220,331,1,1,0,0,0
957,957,604,264,798,344,1,1,0,0,1
958,958,622,251,742,311,1,0,0,0,1
959,959,692,248,704,270,1,1,0,0,0
960,960,276,254,298,272,1,1,0,0,0
961,961,382,252,404,272,1,1,0,0,0
962,962,330,252,356,274,1,1,0,0,0
963,963,268,247,314,271,1,1,0,0,0
964,964,265,244,311,276,1,1,0,0,0
965,965,268,232,312,298,1,1,0,0,0
966,966,88,252,110,264,1,1,0,0,0
967,967,54,202,270,370,1,1,0,0,0
968,968,2,138,260,448,1,1,0,0,1
969,969,0,195,210,371,1,1,0,0,0
970,970,210,244,272,274,1,1,0,0,0
971,971,161,239,215,303,1,1,0,0,0
972,972,132,218,254,320,1,1,0,0,0
973,973,-4,181,180,413,1,1,0,0,0
974,974,348,237,370,253,1,1,0,0,0
975,975,506,248,554,276,1,1,0,0,0
976,976,544,242,598,296,1,1,0,0,0
977,977,498,235,632,307,1,1,0,0,0
978,978,552,226,670,312,1,1,0,0,0
979,979,472,206,748,336,1,1,0,0,0
980,980,504,152,808,450,1,1,1,0,0
981,981,728,241,784,289,1,0,0,0,0
982,982,416,230,436,240,1,0,0,1,0
983,983,293,272,343,296,1,1,0,0,0
984,984,10,270,196,348,1,1,0,0,0
985,985,112,278,178,306,1,1,0,0,0
986,986,-1,246,107,422,1,1,0,0,0
987,987,26,276,76,390,1,1,0,0,0
988,988,680,260,694,282,1,1,0,0,0
989,989,-8,252,160,406,1,1,0,0,0
990,990,41,282,115,376,1,1,0,0,0
991,991,720,63,732,89,1,1,0,0,1
992,992,764,253,784,269,1,1,0,0,1
993,993,194,275,218,287,1,1,0,0,0
994,994,87,282,113,296,1,1,0,0,0
995,995,206,272,242,286,1,1,0,0,0
996,996,13,269,59,295,1,1,0,0,0
997,997,24,273,56,289,1,1,0,0,0
998,998,219,262,241,276,1,1,0,0,0
999,999,374,250,392,264,1,1,0,0,0
1000,1000,300,264,328,276,1,0,0,1,0
1001,1001,16,248,66,282,1,0,0,0,0
1002,1002,119,212,287,288,1,0,0,0,0
1003,1003,176,230,244,262,1,1,0,0,0
1004,1004,2,206,198,320,1,1,0,0,0
1005,1005,409,236,439,252,1,1,0,0,0
1006,1006,44,253,126,323,1,1,0,0,0
1007,1007,-2,232,182,352,1,1,0,0,0
1008,1008,415,259,467,283,1,1,0,0,0
1009,1009,453,256,505,280,1,1,1,0,0
1010,1010,566,274,644,302,1,1,0,0,0
1011,1011,385,108,395,130,1,1,0,0,0
1012,1012,14,256,64,284,1,1,0,0,0
1013,1013,504,38,518,70,1,1,0,0,0
1014,1014,562,255,708,333,1,1,0,0,0
1015,1015,716,108,728,142,1,1,0,0,0
1016,1016,106,249,176,269,1,1,0,0,0
1017,1017,14,250,66,276,1,1,0,0,0
1018,1018,621,265,791,361,1,1,0,0,0
1019,1019,288,246,314,270,1,1,0,0,0
1020,1020,294,249,352,281,1,1,0,0,0
1021,1021,110,204,304,342,1,1,0,0,0
1022,1022,167,226,249,322,1,1,0,0,0
1023,1023,307,251,325,273,1,1,0,0,0
1024,1024,70,222,270,306,1,1,0,0,0
1025,1025,147,248,171,264,1,1,0,0,0
1026,1026,16,250,96,278,1,0,0,0,0
1027,1027,185,235,259,267,1,0,0,0,0
1028,1028,-5,187,185,299,1,0,0,0,0
1029,1029,306,224,326,242,1,0,0,1,0
1030,1030,198,226,220,240,1,0,0,1,0
1031,1031,-4,187,102,301,1,0,0,1,0
1032,1032,23,207,69,281,1,0,0,1,0
1033,1033,374,232,396,244,1,0,0,1,0
1034,1034,439,248,461,264,1,1,0,0,0
1035,1035,368,228,392,254,1,1,0,0,0
1036,1036,492,249,516,267,1,1,0,0,0
1037,1037,360,254,406,284,1,0,1,0,0
1038,1038,195,261,253,283,1,0,1,0,0
1039,1039,236,238,300,276,1,0,0,0,0
1040,1040,32,242,120,268,1,0,0,0,0
1041,1041,5,216,137,288,1,0,0,0,0
1042,1042,142,236,462,360,1,0,0,0,0
1043,1043,12,202,154,302,1,0,0,0,0
1044,1044,429,212,463,278,1,0,0,0,0
1045,1045,650,228,710,266,1,0,0,0,0
1046,1046,626,242,686,276,1,0,0,0,1
1047,1047,215,214,253,354,1,0,0,0,1
1048,1048,191,168,275,398,1,0,0,0,1
1049,1049,583,242,743,286,1,0,0,0,1
1050,1050,354,224,396,384,1,0,0,0,0
1051,1051,331,180,423,418,1,0,0,0,0
1052,1052,730,246,784,272,1,0,0,0,0
1053,1053,351,162,465,466,1,0,0,0,0
1054,1054,322,160,470,464,1,0,0,0,0
1055,1055,244,152,436,542,1,0,0,0,0
1056,1056,6,16,206,498,1,0,0,0,0
1057,1057,180,259,204,273,1,1,0,0,1
1058,1058,12,250,60,284,1,1,0,0,1
1059,1059,314,262,336,276,1,1,0,0,0
1060,1060,134,246,188,290,1,1,0,0,0
1061,1061,250,260,342,284,1,1,0,0,0
1062,1062,626,58,804,282,1,1,0,0,0
1063,1063,402,259,428,273,1,1,0,0,0
1064,1064,431,260,451,274,1,1,0,0,0
1065,1065,298,238,372,266,1,1,0,0,0
1066,1066,411,238,433,254,1,1,0,0,0
1067,1067,466,236,490,254,1,1,0,0,0
1068,1068,272,249,336,277,1,1,0,0,0
1069,1069,461,251,487,263,1,1,0,0,0
1070,1070,180,248,264,280,1,1,0,0,0
1071,1071,182,249,254,281,1,1,0,0,0
1072,1072,716,244,776,278,1,1,0,0,0
1073,1073,73,267,135,317,1,1,0,0,0
1074,1074,62,251,222,335,1,1,1,0,0
1075,1075,112,266,182,322,1,1,1,0,0
1076,1076,84,255,178,319,1,1,0,0,0
1077,1077,286,257,306,271,1,1,0,0,0
1078,1078,160,252,182,268,1,1,0,0,0
1079,1079,408,211,428,225,1,1,1,0,0
1080,1080,456,254,478,266,1,0,0,1,0
1081,1081,556,216,642,262,1,0,0,0,0
1082,1082,554,208,810,298,1,0,0,0,0
1083,1083,350,260,404,282,1,1,0,0,0
1084,1084,330,246,374,270,1,1,0,0,0
1085,1085,30,198,272,334,1,0,0,0,0
1086,1086,-4,208,102,412,1,0,0,0,1
1087,1087,27,300,55,314,1,1,0,0,0
1088,1088,60,246,160,326,1,0,0,1,0
1089,1089,208,251,256,279,1,0,0,1,0
1090,1090,3,224,159,314,1,0,0,0,0
1091,1091,358,202,490,300,1,0,0,0,0
1092,1092,274,298,300,310,1,1,0,0,1
1093,1093,36,260,66,278,1,1,1,0,0
1094,1094,664,213,694,269,1,1,0,0,1
1095,1095,606,306,668,358,1,0,0,0,0
1096,1096,314,236,372,256,1,0,0,0,1
1097,1097,454,238,514,262,1,0,0,0,1
1098,1098,108,224,130,264,1,0,0,0,1
1099,1099,447,209,483,279,1,0,0,0,1
1100,1100,401,119,497,331,1,0,0,0,1
1101,1101,429,155,471,295,1,0,0,0,1
1102,1102,228,207,254,263,1,0,0,1,1
1103,1103,370,216,400,274,1,0,0,0,0
1104,1104,394,230,432,306,1,0,0,0,0
1105,1105,435,224,473,316,1,0,0,0,0
1106,1106,562,166,720,454,1,0,0,0,0
1107,1107,46,166,58,196,1,0,0,0,0
1108,1108,372,228,416,304,1,0,0,0,0
1109,1109,48,166,58,194,1,0,0,0,0
1110,1110,234,219,270,271,1,0,0,0,0
1111,1111,50,173,62,207,1,0,0,0,0
1112,1112,194,216,222,264,1,1,0,0,1
1113,1113,162,204,188,248,1,1,0,0,1
1114,1114,162,202,186,246,1,1,0,0,1
1115,1115,200,196,212,240,1,1,0,0,1
1116,1116,244,202,266,242,1,1,0,0,1
1117,1117,16,193,74,227,1,1,0,0,1
1118,1118,644,195,668,241,1,1,0,0,0
1119,1119,232,186,246,208,1,1,0,0,0
1120,1120,568,307,592,321,1,1,0,0,0
1121,1121,728,294,782,326,1,1,0,0,0
1122,1122,16,281,34,301,1,1,0,0,0
1123,1123,184,240,208,254,1,1,1,0,0
1124,1124,155,230,177,250,1,1,0,0,1
1125,1125,694,235,706,257,1,1,0,0,0
1126,1126,626,224,684,256,1,1,0,0,0
1127,1127,722,222,782,270,1,1,0,0,1
1128,1128,625,218,697,248,1,1,0,0,1
1129,1129,547,87,765,327,1,1,0,0,0
1130,1130,221,236,241,250,1,1,0,0,0
1131,1131,242,236,264,250,1,1,0,0,0
1132,1132,26,224,108,248,1,1,0,0,0
1133,1133,72,224,212,308,1,1,0,0,0
1134,1134,30,224,102,246,1,1,1,0,0
1135,1135,690,256,702,278,1,0,0,0,0
1136,1136,108,238,242,346,1,1,0,0,0
1137,1137,216,268,256,298,1,1,0,0,0
1138,1138,11,174,167,436,1,1,0,0,0
1139,1139,272,272,292,288,1,1,0,0,0
1140,1140,228,254,282,274,1,1,0,0,0
1141,1141,22,216,258,312,1,1,0,0,0
1142,1142,14,250,26,274,1,1,0,0,0
1143,1143,625,222,653,268,1,1,0,0,0
1144,1144,600,255,614,283,1,0,0,0,1
1145,1145,383,238,405,252,1,0,0,0,1
1146,1146,498,238,562,262,1,1,1,0,0
1147,1147,206,266,264,300,1,0,0,0,0
1148,1148,164,255,310,307,1,0,0,0,0
1149,1149,89,254,145,278,1,1,0,0,0
1150,1150,693,252,707,282,1,1,0,0,0
1151,1151,370,229,388,243,1,1,0,0,0
1152,1152,446,218,466,234,1,1,0,0,0
1153,1153,482,212,506,228,1,0,0,1,0
1154,1154,382,208,404,226,1,0,0,1,0
1155,1155,111,227,151,247,1,1,0,0,0
1156,1156,494,230,518,246,1,1,0,0,0
1157,1157,58,253,110,313,1,1,0,0,1
1158,1158,18,236,142,326,1,1,0,0,1
1159,1159,-13,182,299,420,1,1,0,0,0
1160,1160,529,216,787,396,1,1,0,0,0
1161,1161,-11,214,283,404,1,1,0,0,0
1162,1162,254,102,526,290,1,1,0,0,0
1163,1163,560,230,584,246,1,1,0,0,0
1164,1164,652,228,712,258,1,1,0,0,0
1165,1165,364,260,410,284,1,1,0,0,0
1166,1166,337,250,359,268,1,1,0,0,0
1167,1167,400,254,454,282,1,1,0,0,0
1168,1168,288,248,302,268,1,1,0,0,0
1169,1169,-2,224,110,354,1,1,0,0,0
1170,1170,436,236,494,306,1,0,0,1,1
1171,1171,396,216,530,320,1,0,0,1,1
1172,1172,283,257,345,285,1,0,0,1,1
1173,1173,44,240,240,334,1,0,0,1,1
1174,1174,379,182,621,380,1,0,1,1,0
1175,1175,48,192,388,392,1,1,0,0,0
1176,1176,588,164,796,402,1,1,0,0,0
1177,1177,488,238,682,388,1,1,0,0,0
1178,1178,-2,197,226,473,1,1,0,0,0
1179,1179,462,244,618,350,1,1,0,0,0
1180,1180,470,256,612,346,1,1,0,0,0
1181,1181,480,243,646,343,1,1,0,0,0
1182,1182,495,209,693,331,1,1,0,0,0
1183,1183,530,210,798,374,1,1,0,0,0
1184,1184,642,202,800,486,1,1,1,0,0
1185,1185,600,216,810,370,1,0,0,0,0
1186,1186,288,252,316,264,1,0,0,0,0
1187,1187,665,236,755,340,1,0,0,0,0
1188,1188,361,246,559,344,1,0,0,1,0
1189,1189,314,260,338,272,1,0,0,1,0
1190,1190,251,233,273,247,1,1,0,0,1
1191,1191,60,252,166,328,1,1,0,0,1
1192,1192,390,207,808,403,1,1,0,0,1
1193,1193,368,270,438,294,1,0,1,0,0
1194,1194,255,247,427,327,1,1,0,0,1
1195,1195,518,226,802,436,1,1,0,0,1
1196,1196,415,264,667,404,1,1,0,0,0
1197,1197,488,286,590,384,1,1,0,0,0
1198,1198,272,262,292,280,1,1,0,0,0
1199,1199,568,264,792,426,1,1,0,0,0
1200,1200,208,252,236,270,1,1,0,0,0
1201,1201,146,258,206,284,1,1,0,0,1
1202,1202,219,252,239,268,1,1,0,0,1
1203,1203,16,239,166,301,1,1,0,0,0
1204,1204,188,243,210,259,1,1,0,0,0
1205,1205,-10,215,146,323,1,1,0,0,0
1206,1206,217,248,245,264,1,1,0,0,0
1207,1207,516,260,548,272,1,1,0,0,0
1208,1208,720,244,732,278,1,1,0,0,0
1209,1209,582,266,668,302,1,1,0,0,0
1210,1210,460,255,506,279,1,0,0,0,0
1211,1211,445,254,591,330,1,0,0,0,0
1212,1212,478,222,766,380,1,0,0,0,1
1213,1213,322,258,342,276,1,0,0,0,1
1214,1214,468,242,800,538,1,1,0,0,0
1215,1215,334,263,356,277,1,1,0,0,0
1216,1216,649,230,799,360,1,1,0,0,0
1217,1217,448,66,462,94,1,0,0,0,0
1218,1218,8,283,208,329,1,1,0,0,0
1219,1219,584,186,694,298,1,1,0,0,0
1220,1220,21,276,91,304,1,1,0,0,0
1221,1221,674,159,746,285,1,1,0,0,0
1222,1222,573,57,805,439,1,1,0,0,0
1223,1223,503,256,523,268,1,1,1,0,0
1224,1224,554,254,578,266,1,1,1,0,0
1225,1225,464,256,484,268,1,1,0,0,0
1226,1226,331,254,357,274,1,1,0,0,0
1227,1227,503,256,529,272,1,1,0,0,0
1228,1228,682,230,690,264,1,1,0,0,0
1229,1229,368,255,390,271,1,1,0,0,0
1230,1230,719,234,729,266,1,1,0,0,0
1231,1231,274,262,322,286,1,1,0,0,0
1232,1232,467,258,489,276,1,0,0,1,0
1233,1233,504,220,688,340,1,0,0,1,0
1234,1234,272,262,324,284,1,0,0,1,0
1235,1235,6,231,264,351,1,0,0,1,0
1236,1236,376,255,396,273,1,0,0,1,0
1237,1237,125,244,219,318,1,0,0,1,0
1238,1238,380,241,398,259,1,0,0,1,0
1239,1239,14,274,68,308,1,0,0,1,0
1240,1240,294,230,350,252,1,0,1,0,0
1241,1241,-6,220,144,376,1,0,1,0,0
1242,1242,129,228,307,314,1,0,1,0,0
1243,1243,454,178,586,310,1,0,1,0,0
1244,1244,22,220,178,300,1,1,0,0,0
1245,1245,746,208,776,262,1,1,1,0,0
1246,1246,554,251,648,271,1,1,0,0,1
1247,1247,-12,220,424,494,1,1,0,0,1
1248,1248,184,277,354,327,1,0,0,0,1
1249,1249,546,283,712,347,1,0,0,0,1
1250,1250,600,295,668,337,1,0,0,0,1
1251,1251,561,116,571,140,1,0,0,0,1
1252,1252,644,70,654,100,1,0,0,0,1
1253,1253,140,210,398,288,1,1,0,0,0
1254,1254,738,244,786,280,1,1,0,0,0
1255,1255,100,230,452,372,1,0,0,0,1
1256,1256,228,250,296,284,1,1,0,0,0
1257,1257,738,262,770,282,1,1,0,0,0
1258,1258,412,259,588,299,1,0,0,0,0
1259,1259,180,122,194,140,1,0,0,0,0
1260,1260,10,268,28,294,1,0,0,0,0
1261,1261,513,244,601,296,1,1,0,0,0
1262,1262,244,58,258,86,1,1,0,0,0
1263,1263,16,228,62,258,1,1,0,0,0
1264,1264,412,240,606,306,1,1,0,0,0
1265,1265,242,17,258,41,1,1,0,0,0
1266,1266,504,264,698,350,1,1,0,0,0
1267,1267,544,242,796,366,1,1,0,0,0
1268,1268,598,256,804,410,1,1,0,0,0
1269,1269,656,253,724,293,1,1,0,0,0
1270,1270,598,245,774,303,1,1,0,0,0
1271,1271,420,254,448,270,1,1,0,0,0
1272,1272,-6,31,212,317,1,1,0,0,0
1273,1273,710,252,780,278,1,1,0,0,0
1274,1274,0,120,162,392,1,1,0,0,0
1275,1275,742,242,754,276,1,1,0,0,0
1276,1276,2,235,188,305,1,0,1,1,0
1277,1277,726,243,776,273,1,0,1,1,0
1278,1278,734,248,784,284,1,0,1,0,0
1279,1279,216,182,700,418,1,0,0,0,1
1280,1280,318,164,754,510,1,1,0,0,0
1281,1281,304,229,604,461,1,1,0,0,0
1282,1282,288,205,536,423,1,1,1,0,0
1283,1283,56,66,348,336,1,1,1,0,0
1284,1284,168,218,380,400,1,1,0,0,1
1285,1285,0,84,208,342,1,1,0,0,0
1286,1286,-4,238,132,434,1,1,0,0,0
1287,1287,21,300,57,372,1,1,0,0,0
1288,1288,18,62,316,370,1,1,0,0,0
1289,1289,52,188,268,312,1,1,0,0,0
1290,1290,225,254,247,270,1,1,0,0,0
1291,1291,12,262,72,316,1,1,0,0,0
1292,1292,161,270,237,292,1,1,0,0,0
1293,1293,0,208,210,422,1,1,0,0,1
1294,1294,46,242,116,286,1,1,0,0,1
1295,1295,190,250,210,262,1,1,0,0,0
1296,1296,17,150,283,336,1,1,1,0,0
1297,1297,222,260,290,312,1,1,1,0,0
1298,1298,398,274,418,286,1,1,1,0,0
1299,1299,606,260,658,280,1,1,0,0,1
1300,1300,606,241,770,303,1,1,0,0,0
1301,1301,653,250,721,296,1,1,0,0,0
1302,1302,490,225,500,251,1,1,0,0,0
1303,1303,116,234,286,300,1,1,0,0,0
1304,1304,554,199,576,247,1,1,0,0,1
1305,1305,0,216,210,312,1,1,0,0,0
1306,1306,62,232,244,310,1,1,0,0,0
1307,1307,86,216,238,300,1,0,0,1,0
1308,1308,387,204,435,234,1,0,0,1,0
1309,1309,360,192,506,302,1,1,0,0,0
1310,1310,339,213,361,231,1,1,0,0,0
1311,1311,238,230,418,360,1,1,0,0,0
1312,1312,208,263,236,277,1,1,0,0,0
1313,1313,72,270,124,296,1,1,0,0,1
1314,1314,-2,196,170,470,1,1,0,0,0
1315,1315,291,242,353,274,1,1,0,0,0
1316,1316,6,182,226,362,1,1,0,0,1
1317,1317,304,260,328,272,1,1,0,0,0
1318,1318,288,266,310,280,1,1,0,0,0
1319,1319,104,254,310,374,1,1,0,0,0
1320,1320,530,253,758,317,1,1,0,0,0
1321,1321,29,229,309,353,1,1,0,0,0
1322,1322,490,254,796,436,1,1,0,0,0
1323,1323,644,254,666,268,1,1,1,0,0
1324,1324,652,259,676,275,1,1,1,0,0
1325,1325,689,256,741,288,1,1,0,0,0
1326,1326,214,250,236,268,1,1,0,0,0
1327,1327,23,260,49,274,1,1,0,0,0
1328,1328,110,268,178,294,1,1,0,0,0
1329,1329,0,208,110,372,1,0,0,1,0
1330,1330,404,221,452,253,1,0,0,0,0
1331,1331,2,160,324,448,1,1,0,0,1
1332,1332,266,246,320,280,1,1,0,0,0
1333,1333,-8,154,210,370,1,1,0,0,0
1334,1334,88,244,170,294,1,1,0,0,0
1335,1335,182,230,232,290,1,1,0,0,1
1336,1336,154,216,276,310,1,1,0,0,1
1337,1337,-2,194,232,404,1,1,0,0,0
1338,1338,2,210,186,322,1,0,0,1,0
1339,1339,270,260,294,278,1,1,0,0,0
1340,1340,60,238,230,326,1,1,0,0,0
1341,1341,380,254,402,274,1,1,0,0,0
1342,1342,370,242,434,268,1,0,0,1,0
1343,1343,390,243,458,277,1,0,0,0,0
1344,1344,360,217,482,305,1,0,0,0,0
1345,1345,430,250,506,326,1,0,0,0,0
1346,1346,338,252,370,268,1,1,0,0,1
1347,1347,-8,159,222,461,1,1,0,0,0
1348,1348,370,208,418,238,1,0,0,1,0
1349,1349,50,244,234,322,1,0,0,0,1
1350,1350,487,220,547,256,1,1,0,0,0
1351,1351,434,214,600,260,1,1,0,0,0
1352,1352,182,218,266,268,1,1,0,0,0
1353,1353,38,200,118,284,1,1,0,0,0
1354,1354,-12,176,172,304,1,1,0,0,0
1355,1355,46,264,120,364,1,1,0,0,0
1356,1356,4,372,204,426,1,0,0,0,0
1357,1357,33,228,177,296,1,1,0,0,0
1358,1358,61,252,155,282,1,1,0,0,0
1359,1359,188,254,212,264,1,1,0,0,0
1360,1360,90,259,118,271,1,1,0,0,0
1361,1361,7,194,267,318,1,1,0,0,0
1362,1362,404,179,532,267,1,1,0,0,0
1363,1363,-2,238,224,364,1,1,0,0,0
1364,1364,58,200,238,344,1,1,0,0,1
1365,1365,9,252,161,338,1,1,0,0,0
1366,1366,338,266,412,300,1,1,0,0,0
1367,1367,174,260,330,356,1,1,0,0,0
1368,1368,50,276,146,386,1,1,0,0,0
1369,1369,-6,220,230,408,1,1,0,0,0
1370,1370,8,262,72,304,1,1,0,0,0
1371,1371,206,234,232,258,1,1,1,0,0
1372,1372,159,260,181,274,1,1,0,0,1
1373,1373,91,252,135,280,1,1,0,0,0
1374,1374,0,218,132,388,1,1,0,0,1
1375,1375,27,482,169,592,1,1,0,0,0
1376,1376,546,238,554,264,1,1,0,0,0
1377,1377,500,248,528,286,1,1,0,0,0
1378,1378,655,192,765,384,1,1,0,0,0
1379,1379,690,222,736,352,1,1,0,0,0
1380,1380,24,478,150,586,1,1,0,0,0
1381,1381,56,512,100,558,1,1,0,0,0
1382,1382,538,212,606,240,1,1,0,0,0
1383,1383,412,258,480,286,1,0,1,0,0
1384,1384,442,222,530,310,1,0,0,0,1
1385,1385,516,238,540,304,1,0,1,0,0
1386,1386,459,232,487,296,1,0,0,0,0
1387,1387,-5,93,83,415,1,0,0,0,0
1388,1388,700,252,768,278,1,1,0,0,0
1389,1389,625,262,687,284,1,1,0,0,1
1390,1390,474,196,524,224,1,0,1,0,0
1391,1391,408,212,478,242,1,1,0,0,0
1392,1392,361,212,511,302,1,1,1,0,0
1393,1393,406,233,472,291,1,1,1,0,0
1394,1394,566,217,754,355,1,1,0,0,0
1395,1395,628,290,804,388,1,1,0,0,0
1396,1396,226,196,370,298,1,0,0,0,1
1397,1397,368,253,388,265,1,0,0,1,0
1398,1398,480,248,508,264,1,1,0,0,0
1399,1399,320,174,438,304,1,1,0,0,0
1400,1400,267,237,289,251,1,1,0,0,0
1401,1401,420,199,484,291,1,1,0,0,0
1402,1402,229,273,255,295,1,1,0,0,0
1403,1403,59,246,151,344,1,1,0,0,1
1404,1404,551,242,577,286,1,1,0,0,0
1405,1405,132,278,146,298,1,1,0,0,1
1406,1406,488,253,500,283,1,1,1,0,0
1407,1407,16,256,52,324,1,1,0,0,1
1408,1408,99,264,131,328,1,1,0,0,1
1409,1409,308,261,344,319,1,0,0,0,1
1410,1410,1,14,177,576,1,0,0,0,0
1411,1411,366,240,452,306,1,1,1,0,0
1412,1412,615,238,625,262,1,1,0,0,0
1413,1413,553,250,563,274,1,1,0,0,0
1414,1414,564,271,576,293,1,1,0,0,0
1415,1415,410,218,464,248,1,0,0,0,0
1416,1416,375,219,515,299,1,0,0,1,0
1417,1417,412,242,474,276,1,0,0,1,0
1418,1418,396,205,522,309,1,0,0,0,0
1419,1419,450,222,518,306,1,1,0,0,0
1420,1420,662,246,674,274,1,1,0,0,0
1421,1421,246,258,298,280,1,1,0,0,0
1422,1422,456,194,590,312,1,1,1,0,0
1423,1423,332,219,388,245,1,0,0,0,0
1424,1424,126,186,426,296,1,1,0,0,1
1425,1425,-7,167,285,361,1,1,0,0,1
1426,1426,480,176,670,262,1,1,0,0,1
1427,1427,636,160,744,236,1,1,0,0,0
1428,1428,304,262,324,278,1,1,0,0,0
1429,1429,-2,222,182,370,1,1,0,0,0
1430,1430,368,252,390,262,1,1,0,0,1
1431,1431,58,243,224,299,1,0,0,1,0
1432,1432,446,247,626,343,1,1,0,0,0
1433,1433,272,256,298,274,1,1,0,0,0
1434,1434,49,254,231,334,1,1,0,0,0
1435,1435,566,210,698,300,1,1,0,0,0
1436,1436,224,266,290,314,1,1,0,0,0
1437,1437,257,239,327,271,1,1,1,0,0
1438,1438,-2,205,132,375,1,1,0,0,0
1439,1439,60,245,220,331,1,0,1,0,0
1440,1440,-6,275,226,321,1,0,0,0,0
1441,1441,-10,211,282,419,1,0,0,0,0
1442,1442,136,234,296,356,1,0,0,0,0
1443,1443,235,261,295,299,1,0,0,0,0
1444,1444,60,275,154,355,1,0,0,0,0
1445,1445,494,250,568,274,1,0,1,1,0
1446,1446,588,224,662,274,1,0,0,0,0
1447,1447,430,217,640,323,1,0,0,0,0
1448,1448,290,218,556,344,1,1,0,0,1
1449,1449,10,201,440,393,1,1,0,0,1
1450,1450,584,300,800,396,1,0,1,0,0
1451,1451,552,255,572,267,1,1,0,0,0
1452,1452,519,244,539,256,1,1,0,0,0
1453,1453,220,272,250,290,1,1,0,0,0
1454,1454,182,278,242,304,1,1,1,0,0
1455,1455,193,255,357,333,1,0,0,0,0
1456,1456,468,224,492,288,1,0,0,1,0
1457,1457,487,222,515,266,1,0,0,1,0
1458,1458,658,147,766,447,1,0,0,1,0
1459,1459,618,217,656,267,1,0,0,0,0
1460,1460,106,250,322,350,1,0,0,0,0
1461,1461,633,248,669,290,1,0,0,0,0
1462,1462,157,247,343,327,1,0,0,0,0
1463,1463,394,264,418,280,1,1,0,0,0
1464,1464,398,266,474,296,1,1,0,0,1
1465,1465,316,270,404,298,1,1,0,0,0
1466,1466,310,238,494,308,1,0,0,0,0
1467,1467,636,307,736,359,1,0,1,0,0
1468,1468,569,298,803,374,1,0,1,0,0
1469,1469,636,306,738,362,1,1,0,0,0
1470,1470,134,246,226,326,1,1,0,0,1
1471,1471,274,156,300,200,1,1,0,0,1
1472,1472,302,246,352,274,1,1,0,0,0
1473,1473,2,192,290,426,1,0,0,0,0
1474,1474,319,242,371,274,1,1,0,0,0
1475,1475,253,230,315,266,1,1,0,0,0
1476,1476,2,202,162,374,1,1,0,0,0
1477,1477,374,197,508,301,1,0,0,0,0
1478,1478,406,184,558,294,1,0,0,1,0
1479,1479,420,188,600,302,1,0,1,0,0
1480,1480,341,194,407,286,1,1,1,0,0
1481,1481,518,191,658,307,1,1,0,0,0
1482,1482,440,224,512,310,1,1,0,0,0
1483,1483,486,221,520,265,1,0,0,1,1
1484,1484,698,178,756,308,1,0,0,1,1
1485,1485,210,208,348,298,1,0,0,1,0
1486,1486,218,236,284,264,1,0,0,1,0
1487,1487,444,210,494,242,1,0,1,0,0
1488,1488,488,206,546,234,1,1,0,0,0
1489,1489,145,194,327,316,1,1,0,0,0
1490,1490,306,183,476,309,1,1,1,0,0
1491,1491,293,188,507,308,1,1,0,0,0
1492,1492,284,200,416,302,1,1,1,0,0
1493,1493,368,193,520,305,1,1,0,0,0
1494,1494,217,206,383,316,1,1,0,0,0
1495,1495,244,165,462,257,1,1,0,0,0
1496,1496,400,227,502,309,1,0,0,0,0
1497,1497,730,396,766,408,1,1,0,0,0
1498,1498,683,280,753,296,1,0,0,0,0
1499,1499,388,246,456,276,1,0,0,0,1
1500,1500,342,136,456,274,1,1,0,0,0
1501,1501,637,312,737,364,1,0,1,0,0
1502,1502,47,254,87,282,1,1,0,0,0
1503,1503,24,256,82,282,1,1,0,0,1
1504,1504,83,251,147,275,1,1,0,0,0
1505,1505,84,260,122,278,1,1,0,0,0
1506,1506,26,258,84,282,1,1,0,0,0
1507,1507,15,251,63,285,1,1,0,0,0
1508,1508,398,249,416,269,1,1,0,0,0
1509,1509,398,251,418,271,1,1,0,0,0
1510,1510,302,251,352,277,1,1,0,0,0
1511,1511,257,252,319,284,1,1,0,0,0
1512,1512,137,213,299,327,1,1,0,0,0
1513,1513,14,249,62,277,1,1,0,0,0
1514,1514,159,258,189,274,1,1,0,0,0
1515,1515,432,240,452,258,1,1,0,0,0
1516,1516,374,226,442,260,1,0,0,0,0
1517,1517,198,253,218,269,1,1,0,0,0
1518,1518,16,268,80,308,1,1,0,0,0
1519,1519,646,200,736,282,1,1,0,0,0
1520,1520,583,183,797,299,1,1,0,0,0
1521,1521,664,271,680,303,1,1,0,0,0
1522,1522,632,211,788,323,1,1,0,0,0
1523,1523,248,248,270,264,1,1,0,0,0
1524,1524,156,252,176,266,1,1,0,0,0
1525,1525,120,215,284,329,1,0,0,0,0
