,x0,x1,x2,x3,x4,x5,x6,x7,z,d,s,q
0,44,325,388,252,588,303,794,361,0,0,0,0
1,183,271,321,250,432,263,722,314,0,0,0,0
2,121,285,181,276,444,258,779,317,0,0,0,0
3,389,310,146,490,424,271,797,343,0,0,0,0
4,389,310,146,490,571,280,798,328,0,0,0,0
5,389,310,146,490,491,262,798,321,1,0,0,0
6,10,498,134,480,553,292,796,339,1,0,0,0
7,389,310,146,490,545,283,798,323,1,0,0,0
8,117,314,244,294,552,297,680,320,1,0,0,0
9,389,310,146,490,506,293,798,376,1,0,0,0
10,128,474,157,468,564,307,792,381,1,0,0,0
11,389,310,146,490,588,303,794,361,1,0,0,1
12,389,310,146,490,588,303,794,361,1,0,0,1
13,27,368,161,347,588,303,794,361,1,0,0,1
14,172,292,332,250,588,303,794,361,1,0,0,1
15,10,442,224,377,453,347,709,387,1,0,0,0
16,10,401,328,334,676,333,798,352,1,0,0,0
17,11,334,85,322,404,305,655,372,1,0,0,1
18,10,332,221,272,588,303,794,361,1,0,0,0
19,10,397,334,298,601,291,798,333,1,0,0,0
20,389,310,146,490,521,283,798,363,1,0,0,0
21,10,310,188,281,575,302,798,361,1,0,0,0
22,389,310,146,490,449,250,798,311,1,0,0,0
23,96,491,316,437,420,264,742,315,1,0,0,0
24,389,310,146,490,488,269,797,317,1,1,0,0
25,11,325,398,250,588,303,794,361,1,0,0,0
26,389,310,146,490,430,270,798,328,0,0,0,0
27,389,310,146,490,536,290,773,340,0,0,0,0
28,389,310,146,490,432,268,798,345,0,0,0,0
29,389,310,146,490,588,303,794,361,0,0,0,0
30,389,310,146,490,656,311,793,345,0,0,0,0
31,10,339,203,305,588,303,794,361,0,0,1,0
32,389,310,146,490,588,303,794,361,0,0,0,0
33,146,371,297,324,588,303,794,361,1,0,0,1
34,32,354,214,326,588,303,794,361,1,0,0,1
35,389,310,146,490,517,326,601,340,1,0,0,0
36,389,310,146,490,588,303,794,361,1,0,0,0
37,11,324,188,283,588,303,794,361,0,0,1,0
38,10,341,211,299,539,300,767,336,0,0,1,0
39,10,331,217,287,459,292,647,322,0,1,1,0
40,10,411,393,336,718,320,798,332,1,0,0,0
41,10,401,396,319,588,303,794,361,1,1,0,0
42,10,359,232,312,585,328,674,343,1,0,0,0
43,389,310,146,490,455,335,798,396,1,0,0,0
44,389,310,146,490,588,303,794,361,0,0,0,0
45,389,310,146,490,547,262,725,293,0,1,0,0
46,10,355,213,319,412,408,622,441,1,0,0,0
47,389,310,146,490,554,290,798,333,1,0,0,0
48,389,310,146,490,401,334,798,455,0,1,0,0
49,10,401,399,289,588,303,794,361,1,0,0,0
50,61,338,393,250,474,254,643,289,1,0,0,0
51,389,310,146,490,588,303,794,361,0,1,0,0
52,27,500,151,479,588,303,794,361,1,1,0,0
53,62,475,392,417,588,303,794,361,1,0,0,0
54,13,496,226,463,614,476,671,486,1,0,0,0
55,11,368,268,319,589,332,798,396,1,0,0,0
56,10,424,195,378,588,303,794,361,1,1,0,0
57,389,310,146,490,588,303,794,361,1,0,0,0
58,389,310,146,490,420,359,716,427,1,0,0,0
59,389,310,146,490,588,303,794,361,1,0,0,0
60,389,310,146,490,588,303,794,361,1,0,0,0
61,389,310,146,490,588,303,794,361,1,0,0,0
62,54,325,273,282,588,303,794,361,1,0,0,1
63,45,352,360,285,482,287,762,357,1,0,0,0
64,10,421,350,311,575,306,798,365,0,0,1,0
65,389,310,146,490,588,303,794,361,0,0,1,0
66,389,310,146,490,681,467,795,489,1,0,0,0
67,30,499,96,483,415,437,653,500,1,0,0,0
68,10,492,348,402,436,404,797,468,1,0,0,0
69,389,310,146,490,588,303,794,361,1,0,0,0
70,10,445,274,365,698,408,792,422,0,0,0,1
71,10,448,207,410,588,303,794,361,1,0,0,1
72,11,312,335,250,510,292,720,360,1,0,0,1
73,10,394,354,289,612,297,788,337,1,1,0,0
74,34,375,330,291,477,253,664,310,1,0,0,0
75,10,342,363,267,451,257,798,337,1,0,0,0
76,10,335,308,277,407,250,798,326,1,0,0,0
77,10,347,373,250,518,295,798,355,1,0,0,0
78,10,343,360,250,481,285,796,363,1,0,0,0
79,10,379,386,286,494,264,795,317,1,1,0,0
80,10,361,338,285,588,303,794,361,1,0,0,0
81,10,364,299,292,588,303,794,361,1,0,0,0
82,389,310,146,490,588,303,794,361,1,0,0,0
83,389,310,146,490,588,303,794,361,0,0,0,1
84,10,418,70,408,588,303,794,361,0,0,0,1
85,49,323,188,301,588,303,794,361,1,0,0,1
86,115,349,281,317,744,421,798,429,1,0,0,0
87,389,310,146,490,437,310,719,354,0,0,0,1
88,24,499,87,484,402,250,694,301,1,0,0,0
89,389,310,146,490,422,324,730,383,1,1,0,0
90,10,375,233,320,468,288,678,325,1,0,0,0
91,13,301,337,250,411,346,789,426,1,0,0,1
92,389,310,146,490,401,250,703,298,1,1,0,0
93,14,364,334,314,588,303,794,361,1,0,0,0
94,389,310,146,490,537,260,798,340,1,0,0,0
95,389,310,146,490,520,253,798,338,1,0,0,0
96,389,310,146,490,536,256,796,325,1,0,0,0
97,389,310,146,490,432,263,798,334,1,0,0,0
98,70,424,253,382,501,288,797,367,1,0,0,0
99,389,310,146,490,571,325,798,394,1,0,0,1
100,389,310,146,490,527,294,798,367,1,0,0,0
101,389,310,146,490,510,280,798,373,1,1,0,0
102,43,317,288,279,540,293,798,352,1,0,0,0
103,32,364,316,288,492,284,798,377,0,0,0,0
104,11,388,317,289,588,303,794,361,0,1,1,0
105,146,401,313,360,588,303,794,361,0,1,0,0
106,389,310,146,490,636,338,798,384,0,0,1,0
107,389,310,146,490,532,368,669,412,1,0,0,0
108,389,310,146,490,588,303,794,361,1,1,0,0
109,389,310,146,490,493,323,798,371,1,0,0,0
110,10,425,169,391,648,309,798,346,1,0,0,0
111,51,345,286,308,588,303,794,361,1,1,0,0
112,10,373,390,278,517,264,798,334,1,0,0,0
113,10,370,308,279,453,259,798,326,1,1,0,0
114,10,346,241,288,418,267,798,341,1,0,0,0
115,10,323,325,250,478,274,775,326,1,0,0,0
116,10,384,241,314,618,289,798,334,1,0,0,0
117,389,310,146,490,589,312,796,379,1,0,0,0
118,389,310,146,490,671,329,798,366,1,1,0,0
119,389,310,146,490,588,303,794,361,0,0,1,0
120,389,310,146,490,573,266,798,318,0,0,0,0
121,10,300,133,281,477,293,796,396,0,0,1,0
122,389,310,146,490,492,261,798,343,0,0,0,0
123,389,310,146,490,475,250,797,306,0,0,1,0
124,389,310,146,490,569,292,798,357,0,0,0,0
125,389,310,146,490,581,305,798,376,0,0,0,0
126,35,500,128,486,588,303,794,361,0,0,0,0
127,20,500,154,470,588,303,794,361,0,0,0,0
128,10,499,153,477,588,303,794,361,0,0,0,0
129,40,500,111,479,588,303,794,361,0,0,0,0
130,52,500,154,484,588,303,794,361,0,0,0,0
131,39,500,153,470,588,303,794,361,0,0,0,0
132,42,294,299,257,624,319,798,369,0,0,0,0
133,23,500,94,479,624,319,798,369,0,0,0,0
134,60,291,289,258,621,317,794,370,0,0,0,0
135,10,300,118,284,632,323,797,370,0,0,0,0
136,10,300,191,272,624,319,798,369,0,0,0,0
137,27,500,94,479,626,320,798,370,0,0,0,0
138,19,298,262,263,621,317,795,370,0,0,0,0
139,10,301,209,270,624,319,798,369,0,0,0,0
140,56,500,153,480,528,387,631,407,0,0,0,0
141,128,500,160,493,455,395,631,432,0,0,0,0
142,19,500,86,479,628,321,798,370,1,0,0,0
143,12,300,214,265,619,325,798,373,1,0,0,0
144,109,292,259,258,584,282,779,312,1,0,0,0
145,11,306,266,257,698,345,798,374,1,1,0,0
146,389,310,146,490,567,375,793,449,1,0,0,1
147,389,310,146,490,586,280,750,321,0,0,0,1
148,10,308,359,252,588,303,794,361,0,0,0,1
149,10,495,373,398,588,303,794,361,0,0,0,1
150,389,310,146,490,588,303,794,361,1,0,0,1
151,389,310,146,490,588,303,794,361,1,0,0,1
152,126,385,397,308,588,303,794,361,1,0,0,1
153,80,311,274,283,405,374,708,444,1,0,0,1
154,19,369,297,310,517,274,798,349,1,1,0,0
155,10,349,281,297,588,303,794,361,1,0,0,0
156,10,393,190,342,557,280,798,345,1,0,0,0
157,17,341,124,321,588,303,794,361,1,0,0,0
158,10,392,143,351,588,303,794,361,1,0,0,0
159,389,310,146,490,588,303,794,361,1,0,0,0
160,389,310,146,490,588,303,794,361,1,0,0,0
161,389,310,146,490,588,303,794,361,1,0,0,1
162,389,310,146,490,445,298,784,351,1,0,0,0
163,131,294,382,250,457,277,772,349,1,0,0,0
164,35,336,312,282,473,279,798,372,1,0,0,0
165,13,364,378,273,436,253,787,328,1,0,0,0
166,12,355,356,270,519,266,798,336,1,0,0,0
167,10,420,370,317,588,303,794,361,1,0,0,0
168,389,310,146,490,588,303,794,361,1,1,0,0
169,389,310,146,490,433,250,798,327,0,1,0,0
170,389,310,146,490,508,463,686,500,1,0,0,0
171,160,445,303,418,588,303,794,361,0,0,0,1
172,389,310,146,490,547,303,733,333,0,0,1,1
173,389,310,146,490,588,303,794,361,0,0,0,1
174,10,355,163,325,576,326,643,337,0,0,0,1
175,10,376,270,325,476,294,606,320,1,0,0,0
176,10,406,328,338,634,296,786,318,1,0,0,0
177,10,397,277,331,465,250,798,351,1,0,0,1
178,389,310,146,490,588,303,794,361,1,0,0,0
179,111,369,395,319,588,303,794,361,1,0,0,1
180,10,384,339,332,588,303,794,361,1,1,0,0
181,10,370,297,325,588,303,794,361,1,1,0,0
182,389,310,146,490,588,303,794,361,1,1,0,0
183,389,310,146,490,683,352,798,372,1,0,0,0
184,140,339,328,299,598,329,741,354,1,1,0,0
185,389,310,146,490,613,299,798,329,1,0,0,0
186,389,310,146,490,411,250,798,318,1,0,0,0
187,389,310,146,490,417,254,798,328,1,0,0,0
188,389,310,146,490,672,304,798,328,1,0,0,1
189,10,337,257,257,525,254,798,307,1,0,0,0
190,10,402,387,280,588,303,794,361,1,0,0,0
191,21,371,139,342,588,303,794,361,0,0,1,1
192,389,310,146,490,588,303,794,361,1,0,0,0
193,389,310,146,490,588,303,794,361,1,0,0,1
194,389,310,146,490,588,303,794,361,1,0,0,0
195,389,310,146,490,438,394,794,463,0,0,0,0
196,10,488,369,411,568,297,749,329,0,0,1,0
197,35,500,217,468,692,345,798,369,1,0,0,0
198,389,310,146,490,524,355,798,439,1,0,0,1
199,65,299,375,250,467,286,614,331,1,0,0,0
200,154,312,272,295,588,303,794,361,1,1,0,0
201,389,310,146,490,588,303,794,361,1,0,0,0
202,10,314,361,252,401,251,625,287,1,0,0,0
203,10,405,314,306,624,283,798,310,1,0,0,0
204,10,315,196,286,467,250,795,313,1,0,0,0
205,16,325,307,279,588,303,794,361,0,0,0,0
206,10,301,167,273,588,303,794,361,0,0,1,0
207,389,310,146,490,588,303,794,361,0,0,0,1
208,10,337,293,282,588,303,794,361,1,0,0,1
209,10,429,319,352,588,303,794,361,1,1,0,0
210,10,466,336,366,588,303,794,361,1,0,0,0
211,56,354,302,307,588,303,794,361,1,0,0,0
212,26,331,234,299,588,303,794,361,1,0,0,0
213,22,363,351,294,588,303,794,361,1,0,0,1
214,10,497,152,472,588,303,794,361,1,0,0,0
215,389,310,146,490,588,303,794,361,1,0,0,0
216,389,310,146,490,588,303,794,361,1,0,0,0
217,389,310,146,490,588,303,794,361,1,0,0,0
218,389,310,146,490,588,303,794,361,0,1,0,0
219,103,377,371,316,588,303,794,361,1,0,0,0
220,12,403,264,326,467,250,798,308,1,0,0,0
221,389,310,146,490,547,285,798,329,1,0,0,0
222,389,310,146,490,536,294,798,344,0,0,0,0
223,389,310,146,490,606,285,798,323,0,0,1,1
224,389,310,146,490,588,303,794,361,0,0,0,1
225,389,310,146,490,463,351,628,377,0,0,0,1
226,10,444,322,389,627,395,798,432,1,0,0,1
227,10,497,266,419,476,304,768,360,1,0,0,0
228,12,488,89,476,405,284,798,404,1,0,0,1
229,389,310,146,490,460,254,798,358,0,0,1,0
230,389,310,146,490,483,250,795,345,0,0,0,0
231,389,310,146,490,545,274,798,346,0,0,1,0
232,389,310,146,490,451,250,797,342,0,0,0,0
233,389,310,146,490,536,285,798,351,0,0,0,0
234,389,310,146,490,407,250,798,347,0,0,0,0
235,389,310,146,490,405,250,798,362,0,0,0,0
236,389,310,146,490,481,271,798,361,0,0,0,0
237,389,310,146,490,485,272,798,361,0,0,0,0
238,389,310,146,490,530,282,797,348,0,0,0,0
239,389,310,146,490,407,250,796,361,0,0,0,0
240,389,310,146,490,513,281,798,346,0,0,0,0
241,389,310,146,490,436,258,798,361,0,0,0,0
242,389,310,146,490,529,282,798,349,0,0,0,0
243,389,310,146,490,408,250,798,361,0,0,0,0
244,389,310,146,490,539,284,797,348,0,0,0,0
245,389,310,146,490,409,250,798,361,0,0,0,0
246,389,310,146,490,423,252,798,360,0,0,1,0
247,389,310,146,490,501,266,798,356,0,1,1,0
248,178,290,317,266,529,255,798,318,0,1,1,0
249,10,324,371,266,588,303,794,361,0,1,0,0
250,389,310,146,490,588,303,794,361,1,0,0,0
251,389,310,146,490,588,303,794,361,0,0,0,0
252,169,312,275,296,588,303,794,361,0,0,0,0
253,10,334,348,281,588,303,794,361,0,0,0,0
254,10,335,156,314,588,303,794,361,0,0,0,0
255,105,337,212,319,588,303,794,361,0,0,0,0
256,103,337,204,320,588,303,794,361,0,0,0,0
257,10,336,104,322,588,303,794,361,0,0,0,0
258,135,318,315,290,588,303,794,361,0,0,0,0
259,389,310,146,490,588,303,794,361,0,0,0,0
260,10,337,312,289,588,303,794,361,0,0,0,0
261,10,332,312,284,588,303,794,361,0,1,1,0
262,144,310,325,284,588,303,794,361,0,1,1,0
263,22,350,168,329,588,303,794,361,0,1,1,0
264,11,500,209,462,588,303,794,361,0,1,1,0
265,123,281,322,250,465,287,794,345,0,1,0,0
266,10,432,376,340,658,355,796,377,1,0,0,1
267,11,471,309,391,588,303,794,361,1,0,0,1
268,10,479,237,418,661,309,791,328,1,0,0,1
269,389,310,146,490,588,303,794,361,1,1,0,0
270,389,310,146,490,588,303,794,361,1,0,0,0
271,51,500,136,474,588,303,794,361,1,0,0,0
272,10,357,341,298,588,303,794,361,1,0,0,0
273,10,378,306,310,610,283,798,333,1,0,0,0
274,10,364,161,324,588,303,794,361,0,0,0,0
275,389,310,146,490,588,303,794,361,0,0,0,0
276,389,310,146,490,631,440,798,467,0,0,1,0
277,389,310,146,490,600,278,798,335,0,0,0,0
278,389,310,146,490,606,310,797,372,1,0,0,0
279,10,337,123,313,588,303,794,361,1,0,0,0
280,10,333,103,315,588,303,794,361,1,0,0,1
281,185,309,344,281,736,300,798,309,1,0,0,0
282,126,280,321,250,588,303,794,361,1,0,0,0
283,389,310,146,490,588,303,794,361,1,0,0,0
284,61,337,239,302,588,303,794,361,1,0,0,0
285,10,355,114,331,588,303,794,361,1,0,0,0
286,15,392,198,350,645,317,798,346,1,0,0,0
287,389,310,146,490,570,309,602,315,1,0,0,0
288,389,310,146,490,484,250,679,280,1,0,0,0
289,10,383,323,293,588,303,794,361,1,0,0,0
290,10,366,243,291,523,332,798,406,1,0,0,1
291,10,390,340,282,479,271,798,321,1,0,0,0
292,10,314,237,278,493,273,780,328,1,0,0,0
293,389,310,146,490,494,286,798,350,1,0,0,0
294,389,310,146,490,608,296,798,333,1,0,0,0
295,46,303,209,278,484,250,795,299,1,0,0,1
296,10,364,300,318,588,303,794,361,1,0,0,0
297,389,310,146,490,602,311,733,353,1,0,0,1
298,389,310,146,490,709,332,798,351,1,0,0,0
299,389,310,146,490,588,303,794,361,1,0,0,0
300,17,497,146,477,588,303,794,361,1,0,0,0
301,141,291,317,260,588,303,794,361,1,0,0,0
302,14,314,216,275,612,312,772,349,1,0,0,0
303,389,310,146,490,577,298,666,316,1,0,0,1
304,389,310,146,490,588,303,794,361,1,1,0,0
305,389,310,146,490,588,303,794,361,1,0,0,0
306,389,310,146,490,588,303,794,361,1,0,0,0
307,389,310,146,490,588,303,794,361,1,0,0,0
308,389,310,146,490,588,303,794,361,1,1,0,0
309,389,310,146,490,588,303,794,361,1,0,0,0
310,389,310,146,490,435,261,785,316,1,0,0,0
311,389,310,146,490,443,270,798,326,1,0,0,0
312,389,310,146,490,423,250,784,346,1,0,0,0
313,15,332,257,289,527,299,649,325,1,0,0,0
314,389,310,146,490,519,287,780,362,1,0,0,0
315,389,310,146,490,588,303,794,361,0,0,1,0
316,25,499,149,481,588,303,794,361,0,1,1,0
317,389,310,146,490,588,303,794,361,0,0,1,0
318,389,310,146,490,588,303,794,361,1,0,0,0
319,389,310,146,490,588,303,794,361,1,0,0,0
320,389,310,146,490,588,303,794,361,1,0,0,0
321,46,391,254,324,466,254,689,286,1,0,0,0
322,389,310,146,490,459,264,798,323,1,0,0,0
323,389,310,146,490,464,269,777,330,1,0,0,0
324,389,310,146,490,451,250,791,322,1,0,0,0
325,389,310,146,490,588,303,794,361,1,0,0,0
326,67,381,235,339,588,303,794,361,1,0,0,0
327,389,310,146,490,588,303,794,361,1,0,0,0
328,389,310,146,490,588,303,794,361,1,0,0,0
329,31,341,377,287,588,303,794,361,1,1,0,0
330,114,288,359,250,405,268,798,337,1,0,0,0
331,10,301,300,250,461,290,798,344,1,0,0,0
332,389,310,146,490,588,303,794,361,1,0,0,0
333,389,310,146,490,606,312,794,345,1,0,0,1
334,389,310,146,490,495,323,793,414,1,0,0,0
335,389,310,146,490,509,278,796,333,1,0,0,1
336,389,310,146,490,476,250,795,300,1,1,0,0
337,389,310,146,490,402,250,792,311,1,0,0,0
338,389,310,146,490,466,265,798,329,1,0,0,0
339,389,310,146,490,588,303,794,361,1,0,0,0
340,389,310,146,490,425,250,795,309,1,0,0,0
341,389,310,146,490,431,267,798,339,1,0,0,0
342,389,310,146,490,547,288,798,346,1,0,0,0
343,389,310,146,490,424,250,798,329,1,0,0,0
344,389,310,146,490,422,250,798,323,1,0,0,0
345,389,310,146,490,521,272,797,320,0,0,0,0
346,389,310,146,490,483,251,794,300,0,0,0,1
347,10,389,209,324,588,303,794,361,0,1,1,0
348,389,310,146,490,588,303,794,361,0,0,1,0
349,389,310,146,490,588,303,794,361,1,0,0,0
350,389,310,146,490,588,303,794,361,0,0,0,0
351,389,310,146,490,637,448,699,460,0,0,0,0
352,389,310,146,490,647,429,697,441,0,0,0,0
353,389,310,146,490,588,303,794,361,0,0,0,0
354,10,500,93,473,588,303,794,361,1,1,0,0
355,389,310,146,490,588,303,794,361,1,1,0,0
356,389,310,146,490,588,303,794,361,1,0,0,0
357,389,310,146,490,588,303,794,361,1,0,0,1
358,389,310,146,490,588,303,794,361,1,0,0,0
359,389,310,146,490,588,303,794,361,1,0,0,0
360,96,328,316,285,461,256,699,293,1,0,0,0
361,389,310,146,490,403,300,748,367,1,0,0,0
362,389,310,146,490,438,281,798,384,1,0,0,0
363,48,294,279,254,588,303,794,361,1,0,0,0
364,389,310,146,490,588,303,794,361,1,0,0,0
365,389,310,146,490,588,303,794,361,1,0,0,0
366,389,310,146,490,588,303,794,361,1,0,0,0
367,389,310,146,490,519,260,798,345,1,1,0,0
368,389,310,146,490,488,264,798,365,1,0,0,0
369,10,340,165,308,489,274,798,362,1,0,0,0
370,389,310,146,490,591,289,798,340,1,0,0,0
371,389,310,146,490,588,303,794,361,1,0,0,0
372,389,310,146,490,588,303,794,361,1,0,0,0
373,389,310,146,490,588,303,794,361,1,0,0,0
374,389,310,146,490,474,263,798,314,1,0,0,0
375,389,310,146,490,588,303,794,361,1,0,0,0
376,389,310,146,490,588,303,794,361,1,0,0,0
377,186,283,341,250,588,303,794,361,1,0,0,0
378,389,310,146,490,588,303,794,361,1,0,0,1
379,10,328,249,291,588,303,794,361,1,1,0,0
380,389,310,146,490,588,303,794,361,1,0,0,0
381,389,310,146,490,588,303,794,361,1,0,0,0
382,389,310,146,490,588,303,794,361,1,0,0,0
383,389,310,146,490,588,303,794,361,1,0,0,0
384,389,310,146,490,462,265,796,317,1,0,0,0
385,10,339,276,263,508,271,798,317,1,0,0,0
386,10,320,180,284,588,303,794,361,1,0,0,0
387,389,310,146,490,588,303,794,361,1,0,0,0
388,389,310,146,490,588,303,794,361,1,0,0,0
389,389,310,146,490,588,303,794,361,1,0,0,0
390,10,385,390,283,588,303,794,361,1,0,0,0
391,10,388,213,322,482,250,798,340,1,1,0,0
392,389,310,146,490,406,250,798,340,1,0,0,0
393,10,336,281,253,417,286,798,403,1,0,0,0
394,14,321,248,259,561,296,798,337,1,0,0,0
395,389,310,146,490,414,298,798,401,1,0,0,0
396,389,310,146,490,688,311,798,327,1,0,0,0
397,10,334,361,260,578,263,798,318,0,0,0,0
398,10,418,394,301,588,303,794,361,1,0,0,0
399,389,310,146,490,588,303,794,361,1,1,0,0
400,62,331,361,256,479,250,781,297,1,0,0,0
401,389,310,146,490,437,250,776,303,1,0,0,0
402,11,302,79,291,425,250,798,309,1,0,0,0
403,389,310,146,490,620,297,798,325,1,0,0,0
404,10,314,299,268,588,303,794,361,1,0,0,0
405,12,346,237,282,588,303,794,361,1,0,0,0
406,10,351,364,250,588,303,794,361,1,0,0,0
407,10,370,240,305,470,250,791,300,1,0,0,0
408,10,343,298,282,588,303,794,361,1,0,0,0
409,10,358,236,297,627,329,791,379,1,0,0,0
410,10,343,323,265,588,303,794,361,1,0,0,0
411,10,320,294,260,588,303,794,361,1,0,0,1
412,10,387,324,291,588,303,794,361,1,0,0,0
413,389,310,146,490,588,303,794,361,1,0,0,0
414,389,310,146,490,588,303,794,361,1,0,0,0
415,389,310,146,490,588,303,794,361,1,0,0,0
416,10,347,197,297,588,303,794,361,1,0,0,0
417,10,368,287,278,635,285,792,309,1,0,0,0
418,10,341,279,274,457,250,797,303,1,0,0,0
419,10,368,288,298,588,303,794,361,1,0,0,0
420,10,374,262,297,588,303,794,361,1,0,0,0
421,10,364,383,250,592,285,744,317,1,0,0,0
422,10,345,366,250,612,314,797,356,1,0,0,0
423,10,360,305,281,588,303,794,361,1,0,0,0
424,10,385,321,284,588,303,794,361,1,0,0,0
425,85,296,174,282,545,303,778,378,1,0,0,0
426,49,293,320,251,588,303,794,361,1,0,0,0
427,10,301,331,251,588,303,794,361,1,0,0,0
428,389,310,146,490,573,293,798,329,1,0,0,0
429,389,310,146,490,437,251,798,308,1,0,0,0
430,13,373,197,328,472,250,798,301,1,0,0,0
431,389,310,146,490,588,303,794,361,1,0,0,0
432,82,330,219,308,617,309,798,367,1,0,0,0
433,389,310,146,490,588,303,794,361,1,0,0,0
434,389,310,146,490,588,303,794,361,1,0,0,0
435,11,329,333,278,588,303,794,361,1,1,0,0
436,10,323,336,272,457,251,798,311,0,0,0,0
437,10,303,349,250,588,303,794,361,0,0,0,0
438,10,309,306,257,506,261,798,328,1,0,0,0
439,389,310,146,490,559,291,798,337,1,0,0,0
440,32,352,253,317,670,313,795,331,1,0,0,0
441,10,340,329,289,588,303,794,361,1,0,0,1
442,10,374,369,271,554,273,798,330,1,0,0,0
443,10,340,342,263,534,258,798,319,1,0,0,0
444,10,382,348,273,531,257,798,314,1,0,0,0
445,10,337,334,250,428,250,798,322,1,0,0,0
446,10,341,327,250,432,250,798,321,0,0,1,0
447,179,450,308,416,588,303,794,361,0,0,1,1
448,15,385,392,277,588,303,794,361,0,0,1,1
449,10,407,384,335,553,419,796,479,1,0,0,1
450,11,330,107,315,588,303,794,361,0,0,0,1
451,55,339,205,307,588,303,794,361,1,0,0,1
452,389,310,146,490,531,344,797,386,1,0,0,1
453,389,310,146,490,577,320,796,362,1,0,0,0
454,389,310,146,490,473,250,798,313,1,0,0,0
455,389,310,146,490,497,250,732,300,1,0,0,0
456,389,310,146,490,656,285,796,312,1,0,0,0
457,10,494,111,478,588,303,794,361,1,0,0,0
458,389,310,146,490,589,310,798,358,1,0,0,0
459,389,310,146,490,507,274,798,321,1,0,0,0
460,389,310,146,490,603,327,798,379,1,0,0,0
461,389,310,146,490,563,313,798,384,1,0,0,0
462,15,370,263,294,574,311,796,379,1,0,0,0
463,389,310,146,490,625,336,798,388,1,0,0,0
464,10,388,382,267,566,319,798,385,1,0,0,0
465,10,367,361,280,502,266,798,313,1,0,0,0
466,11,398,288,308,632,344,798,392,1,0,0,1
467,389,310,146,490,588,303,794,361,1,0,0,0
468,389,310,146,490,588,303,794,361,1,0,0,0
469,389,310,146,490,540,303,644,319,1,0,0,0
470,389,310,146,490,598,341,798,402,1,0,0,0
471,10,358,363,250,588,303,794,361,0,0,0,0
472,10,342,139,303,588,303,794,361,0,0,1,0
473,389,310,146,490,601,281,798,338,0,0,0,0
474,10,375,383,275,588,303,794,361,1,0,0,1
475,389,310,146,490,588,303,794,361,1,0,0,1
476,20,408,159,363,588,303,794,361,1,0,0,0
477,389,310,146,490,561,285,627,296,0,0,0,1
478,389,310,146,490,588,303,794,361,1,0,0,0
479,10,460,124,442,432,289,697,331,1,0,0,1
480,10,360,284,281,492,328,640,374,1,0,0,0
481,10,401,218,337,588,303,794,361,1,0,0,0
482,26,488,109,476,550,340,714,393,1,0,0,0
483,389,310,146,490,588,303,794,361,1,0,0,0
484,389,310,146,490,588,303,794,361,1,0,0,1
485,10,498,92,482,588,303,794,361,1,1,0,0
486,389,310,146,490,587,271,798,304,1,0,0,0
487,389,310,146,490,519,278,798,327,1,0,0,1
488,389,310,146,490,588,303,794,361,1,0,0,0
489,389,310,146,490,588,303,794,361,1,1,0,0
490,75,339,261,306,631,334,798,370,1,0,0,0
491,10,337,203,296,542,328,648,360,1,0,0,0
492,15,344,136,312,588,303,794,361,1,0,0,0
493,389,310,146,490,588,303,794,361,1,1,0,0
494,20,315,285,269,436,267,798,343,1,0,0,1
495,389,310,146,490,437,278,798,361,1,0,0,0
496,35,356,212,316,595,293,798,340,1,1,0,0
497,10,359,139,319,588,303,794,361,0,0,1,1
498,10,321,189,280,588,303,794,361,0,0,0,1
499,389,310,146,490,588,303,794,361,0,0,1,1
500,61,498,291,424,588,303,794,361,0,0,1,1
501,389,310,146,490,427,362,794,420,0,0,0,1
502,389,310,146,490,613,307,791,336,0,0,0,1
503,10,495,63,482,462,291,798,344,1,0,0,1
504,389,310,146,490,401,255,798,318,0,1,1,0
505,389,310,146,490,588,303,794,361,0,1,1,0
506,10,341,390,281,588,303,794,361,1,0,0,1
507,389,310,146,490,588,303,794,361,1,0,0,1
508,389,310,146,490,588,303,794,361,1,1,0,0
509,10,368,366,299,588,303,794,361,1,1,0,0
510,10,371,387,284,514,284,631,313,1,0,0,1
511,389,310,146,490,584,276,797,345,1,1,0,0
512,11,370,356,284,569,278,798,335,1,0,0,0
513,10,369,340,287,570,284,794,339,1,0,0,0
514,10,356,262,293,544,287,795,344,1,0,0,0
515,43,492,280,429,615,297,798,342,1,0,0,0
516,389,310,146,490,556,439,756,477,1,0,0,0
517,10,325,227,283,588,303,794,361,1,0,0,0
518,389,310,146,490,588,303,794,361,1,0,0,0
519,389,310,146,490,588,303,794,361,1,0,0,0
520,10,324,245,274,531,257,798,309,1,0,0,0
521,10,337,171,305,452,270,798,344,1,0,0,1
522,65,342,262,290,490,267,797,338,1,0,0,0
523,10,303,308,256,433,250,798,327,1,0,0,0
524,389,310,146,490,451,264,798,337,0,0,0,0
525,389,310,146,490,588,303,794,361,0,0,1,0
526,389,310,146,490,588,303,794,361,0,0,0,0
527,389,310,146,490,466,324,798,419,1,0,0,1
528,389,310,146,490,644,346,695,360,1,1,0,0
529,389,310,146,490,588,303,794,361,1,1,0,0
530,389,310,146,490,588,303,794,361,1,1,0,0
531,389,310,146,490,588,303,794,361,1,0,0,0
532,10,354,388,288,588,303,794,361,0,0,0,0
533,21,386,395,314,588,303,794,361,1,1,0,0
534,10,348,351,276,645,286,798,327,1,0,0,0
535,12,351,139,331,592,285,798,340,1,0,0,0
536,10,340,193,304,588,303,794,361,1,0,0,0
537,10,393,337,306,588,303,794,361,1,0,0,0
538,389,310,146,490,588,303,794,361,1,0,0,0
539,389,310,146,490,588,303,794,361,1,0,0,0
540,389,310,146,490,529,267,731,302,1,0,0,0
541,389,310,146,490,588,303,794,361,1,0,0,0
542,389,310,146,490,588,303,794,361,1,0,0,0
543,389,310,146,490,480,274,797,347,1,0,0,0
544,389,310,146,490,582,283,798,337,1,0,0,0
545,10,325,189,296,576,271,798,339,1,0,0,0
546,10,323,333,266,637,314,798,366,1,1,0,0
547,10,318,391,250,588,303,794,361,1,1,0,0
548,10,312,116,295,588,303,794,361,1,1,0,0
549,10,347,301,253,588,303,794,361,1,0,0,0
550,10,324,265,256,588,303,794,361,1,0,0,1
551,10,343,370,259,663,402,787,423,1,0,0,0
552,10,410,336,323,533,275,798,327,1,1,0,0
553,10,312,365,250,456,254,798,321,1,0,0,0
554,10,316,257,268,432,261,798,373,1,0,0,0
555,10,311,231,268,580,316,798,379,1,0,0,0
556,389,310,146,490,546,317,798,389,1,0,0,1
557,389,310,146,490,422,275,798,348,1,0,0,0
558,10,342,297,281,557,289,798,349,1,1,0,0
559,10,337,190,285,611,297,798,330,1,0,0,0
560,389,310,146,490,451,285,797,352,1,0,0,1
561,389,310,146,490,576,313,798,348,1,0,0,0
562,389,310,146,490,648,358,792,379,1,0,0,1
563,136,292,393,252,443,340,797,396,1,0,0,1
564,10,350,132,320,455,312,759,361,1,0,0,0
565,389,310,146,490,588,332,798,369,1,0,0,0
566,389,310,146,490,409,302,758,376,1,0,0,0
567,389,310,146,490,493,329,798,405,1,0,0,1
568,389,310,146,490,438,296,798,373,1,0,0,0
569,389,310,146,490,496,315,798,396,1,0,0,1
570,389,310,146,490,588,303,794,361,1,0,0,0
571,61,309,315,259,485,335,796,406,1,0,0,1
572,10,320,119,295,588,303,794,361,1,0,0,1
573,10,363,290,288,469,271,798,323,1,0,0,0
574,147,320,299,294,621,319,798,347,1,0,0,1
575,10,320,226,274,588,303,794,361,1,0,0,0
576,10,326,208,284,588,303,794,361,1,0,0,0
577,389,310,146,490,588,303,794,361,1,0,0,0
578,10,341,265,267,588,303,794,361,0,0,0,1
579,389,310,146,490,588,303,794,361,1,0,0,0
580,10,335,43,330,588,303,794,361,1,1,0,0
581,389,310,146,490,552,272,798,329,0,0,1,0
582,10,325,44,319,484,279,798,381,0,1,1,0
583,389,310,146,490,588,303,794,361,1,1,0,0
584,181,283,355,250,588,303,794,361,1,0,0,0
585,170,327,376,260,588,303,794,361,1,0,0,0
586,186,293,311,275,588,303,794,361,0,0,0,0
587,185,291,396,257,588,303,794,361,0,0,0,0
588,186,291,386,259,588,303,794,361,1,0,0,0
589,189,301,392,268,588,303,794,361,1,0,0,0
590,167,304,379,270,588,303,794,361,0,1,0,0
591,389,310,146,490,703,322,798,339,0,1,0,0
592,389,310,146,490,588,303,794,361,0,1,0,0
593,389,310,146,490,403,379,700,427,0,1,0,0
594,389,310,146,490,588,303,794,361,1,1,0,0
595,389,310,146,490,588,303,794,361,1,1,0,0
596,30,361,55,357,588,303,794,361,1,1,0,0
597,173,482,376,449,619,332,757,361,1,1,0,0
598,389,310,146,490,588,303,794,361,1,0,0,0
599,10,332,180,290,493,280,798,329,1,0,0,0
600,10,490,176,449,529,289,798,342,1,0,0,0
601,389,310,146,490,423,291,798,392,1,0,0,0
602,389,310,146,490,551,298,798,369,1,0,0,0
603,389,310,146,490,555,272,798,337,1,0,0,0
604,389,310,146,490,632,304,798,340,1,0,0,0
605,71,370,202,332,552,284,798,341,1,1,0,0
606,389,310,146,490,542,292,798,356,1,0,0,0
607,389,310,146,490,627,318,798,363,1,1,0,0
608,105,338,258,303,565,287,618,295,1,0,0,0
609,10,341,192,309,503,377,645,409,0,0,1,0
610,19,343,379,273,588,303,794,361,0,0,0,0
611,12,366,347,300,588,303,794,361,1,0,0,0
612,10,436,384,322,646,291,798,315,1,0,0,0
613,389,310,146,490,505,280,740,317,1,0,0,0
614,389,310,146,490,416,265,798,326,1,1,0,0
615,389,310,146,490,588,303,794,361,1,1,0,0
616,389,310,146,490,736,329,798,339,0,1,0,0
617,389,310,146,490,588,303,794,361,0,1,0,0
618,10,337,261,293,589,299,775,329,1,0,0,0
619,10,316,370,253,549,287,798,344,1,0,0,0
620,389,310,146,490,419,294,798,396,1,0,0,1
621,389,310,146,490,588,303,794,361,1,0,0,0
622,10,320,385,260,588,303,794,361,1,0,0,0
623,389,310,146,490,630,335,797,386,1,0,0,0
624,10,357,395,275,628,285,798,330,1,0,0,0
625,10,335,273,275,402,250,798,341,1,0,0,0
626,10,347,264,283,448,264,794,337,1,0,0,0
627,10,382,299,299,524,264,798,312,0,0,0,1
628,15,376,252,299,588,303,794,361,0,0,1,0
629,389,310,146,490,483,251,798,347,1,0,0,0
630,138,284,252,262,566,263,798,329,1,0,0,0
631,389,310,146,490,546,303,798,385,1,0,0,0
632,389,310,146,490,588,303,794,361,1,0,0,0
633,389,310,146,490,588,303,794,361,1,0,0,0
634,10,375,370,286,618,303,798,347,0,0,0,0
635,389,310,146,490,588,303,794,361,0,0,0,1
636,389,310,146,490,588,303,794,361,0,0,1,0
637,10,311,287,252,520,253,798,343,1,0,0,0
638,10,395,391,300,588,303,794,361,1,0,0,0
639,10,352,369,250,588,303,794,361,0,0,1,0
640,10,328,216,277,588,303,794,361,1,0,0,0
641,389,310,146,490,588,303,794,361,1,0,0,0
642,10,333,188,305,737,351,798,360,1,0,0,1
643,10,339,359,272,588,303,794,361,0,0,0,1
644,389,310,146,490,588,303,794,361,0,0,0,1
645,19,417,250,347,588,303,794,361,1,1,0,0
646,10,337,258,257,588,303,794,361,1,0,0,1
647,389,310,146,490,588,303,794,361,1,0,0,0
648,389,310,146,490,549,292,798,336,1,1,0,0
649,11,309,318,250,588,303,794,361,0,0,0,0
650,10,345,272,260,588,303,794,361,0,0,0,1
651,35,357,314,272,588,303,794,361,0,0,0,0
652,18,360,325,278,462,250,798,315,0,0,0,0
653,39,354,277,277,588,303,794,361,0,0,0,0
654,59,387,237,330,497,260,731,309,0,0,0,0
655,389,310,146,490,588,303,794,361,0,0,1,0
656,389,310,146,490,588,303,794,361,0,0,0,0
657,389,310,146,490,558,288,798,334,1,0,0,0
658,389,310,146,490,512,291,720,335,0,1,0,0
659,389,310,146,490,588,303,794,361,1,0,0,0
660,389,310,146,490,588,303,794,361,1,0,0,0
661,10,399,211,359,588,303,794,361,1,0,0,0
662,10,403,369,307,588,303,794,361,1,0,0,0
663,14,349,110,334,588,303,794,361,1,0,0,0
664,389,310,146,490,625,284,798,309,1,0,0,0
665,389,310,146,490,573,291,798,334,1,0,0,0
666,389,310,146,490,416,268,798,356,1,0,0,0
667,389,310,146,490,407,298,798,410,1,0,0,0
668,10,327,162,295,518,283,798,368,1,1,0,0
669,10,356,292,264,453,277,717,338,0,0,0,1
670,389,310,146,490,623,338,772,375,0,0,0,1
671,10,378,395,317,588,303,794,361,0,0,0,1
672,32,488,156,466,588,303,794,361,0,0,0,1
673,389,310,146,490,555,441,630,452,1,0,0,1
674,11,494,361,420,648,438,798,475,1,0,0,1
675,389,310,146,490,633,374,795,423,1,0,0,0
676,10,340,249,289,588,303,794,361,1,0,0,0
677,10,315,211,284,588,303,794,361,1,0,0,0
678,10,346,202,312,588,303,794,361,1,0,0,0
679,389,310,146,490,588,303,794,361,1,0,0,1
680,85,338,235,304,572,304,673,332,1,0,0,0
681,10,374,246,311,572,280,766,315,1,0,0,0
682,166,332,372,289,588,303,794,361,1,1,0,0
683,13,386,398,298,588,303,794,361,1,0,0,0
684,389,310,146,490,588,303,794,361,0,0,0,0
685,389,310,146,490,588,303,794,361,0,1,0,0
686,389,310,146,490,535,290,798,336,1,1,0,0
687,389,310,146,490,445,327,778,379,1,1,0,0
688,389,310,146,490,588,303,794,361,1,0,0,0
689,389,310,146,490,588,303,794,361,1,1,0,0
690,10,325,339,267,588,303,794,361,1,0,0,0
691,10,323,248,281,588,303,794,361,1,0,0,0
692,10,334,241,293,588,303,794,361,1,0,0,0
693,389,310,146,490,588,303,794,361,1,0,0,0
694,197,283,281,269,588,303,794,361,1,0,0,0
695,10,367,212,321,588,303,794,361,1,0,0,1
696,50,368,369,295,588,303,794,361,0,0,0,1
697,47,344,392,284,588,303,794,361,1,0,0,1
698,389,310,146,490,588,303,794,361,1,0,0,1
699,10,317,295,252,440,289,798,352,1,0,0,0
700,10,321,218,277,504,288,798,340,1,0,0,0
701,30,353,249,315,560,286,773,319,1,0,0,0
702,51,315,286,274,693,289,798,305,1,0,0,0
703,389,310,146,490,534,308,699,337,1,0,0,0
704,389,310,146,490,472,310,743,353,1,0,0,0
705,389,310,146,490,490,303,795,368,1,0,0,0
706,389,310,146,490,450,338,797,438,1,0,0,0
707,389,310,146,490,588,303,794,361,1,0,0,0
708,12,331,245,290,588,303,794,361,1,0,0,0
709,10,363,250,290,588,303,794,361,1,0,0,0
710,10,320,275,254,588,303,794,361,1,0,0,0
711,10,359,196,312,588,303,794,361,1,0,0,0
712,389,310,146,490,418,250,798,324,1,0,0,0
713,389,310,146,490,588,303,794,361,1,0,0,0
714,10,332,196,303,420,250,791,308,1,0,0,0
715,152,332,346,302,580,263,798,334,1,0,0,0
716,10,375,384,282,588,303,794,361,1,0,0,0
717,24,386,240,324,432,250,798,321,1,0,0,0
718,174,295,372,250,449,250,798,311,1,0,0,0
719,389,310,146,490,479,278,798,358,1,0,0,0
720,31,326,231,262,414,273,798,376,1,0,0,0
721,10,329,352,250,604,338,798,402,1,0,0,1
722,13,324,337,250,588,303,794,361,0,0,1,0
723,117,292,162,285,588,303,794,361,1,0,0,1
724,389,310,146,490,588,303,794,361,0,0,0,0
725,389,310,146,490,588,303,794,361,1,0,0,0
726,389,310,146,490,637,276,795,299,1,0,0,0
727,173,305,302,269,480,269,798,337,1,0,0,1
728,389,310,146,490,625,280,798,308,1,0,0,0
729,389,310,146,490,588,303,794,361,1,0,0,0
730,10,326,395,258,588,303,794,361,1,0,0,0
731,16,428,300,351,588,303,794,361,1,0,0,0
732,30,390,365,294,668,307,757,320,0,0,0,0
733,10,323,209,266,588,303,794,361,0,0,0,0
734,24,358,317,279,588,303,794,361,1,1,0,0
735,101,286,331,250,588,303,794,361,1,0,0,0
736,94,315,140,307,659,381,712,389,0,0,0,0
737,10,330,265,256,588,303,794,361,0,0,1,1
738,10,327,251,258,588,303,794,361,0,1,0,0
739,389,310,146,490,588,303,794,361,1,0,0,0
740,389,310,146,490,610,273,798,300,1,0,0,1
741,389,310,146,490,588,303,794,361,1,0,0,0
742,389,310,146,490,588,303,794,361,1,0,0,0
743,389,310,146,490,588,303,794,361,1,0,0,0
744,389,310,146,490,607,323,798,374,1,0,0,0
745,389,310,146,490,588,303,794,361,1,0,0,0
746,389,310,146,490,588,303,794,361,1,0,0,0
747,389,310,146,490,588,303,794,361,0,0,0,0
748,389,310,146,490,588,303,794,361,0,0,0,1
749,389,310,146,490,588,303,794,361,0,0,0,0
750,389,310,146,490,588,303,794,361,0,0,0,0
751,389,310,146,490,588,303,794,361,0,0,1,0
752,389,310,146,490,588,303,794,361,0,0,1,0
753,389,310,146,490,588,303,794,361,0,0,1,0
754,389,310,146,490,588,303,794,361,0,0,0,0
755,389,310,146,490,588,303,794,361,0,0,0,0
756,389,310,146,490,588,303,794,361,0,0,0,0
757,389,310,146,490,588,303,794,361,0,0,0,0
758,389,310,146,490,588,303,794,361,0,0,0,0
759,389,310,146,490,588,303,794,361,0,0,0,0
760,389,310,146,490,588,303,794,361,0,0,0,0
761,389,310,146,490,588,303,794,361,0,0,0,0
762,389,310,146,490,588,303,794,361,0,0,0,0
763,389,310,146,490,588,303,794,361,0,0,0,0
764,389,310,146,490,588,303,794,361,0,0,0,0
765,389,310,146,490,588,303,794,361,0,0,0,0
766,389,310,146,490,588,303,794,361,0,0,0,0
767,389,310,146,490,588,303,794,361,0,0,0,0
768,389,310,146,490,588,303,794,361,0,0,0,0
769,389,310,146,490,588,303,794,361,0,0,0,0
770,389,310,146,490,588,303,794,361,0,0,0,0
771,389,310,146,490,588,303,794,361,0,0,0,0
772,389,310,146,490,588,303,794,361,0,0,0,0
773,389,310,146,490,588,303,794,361,0,0,0,0
774,389,310,146,490,588,303,794,361,0,0,0,0
775,389,310,146,490,588,303,794,361,1,0,0,1
776,389,310,146,490,588,303,794,361,1,0,0,1
777,42,294,143,279,588,303,794,361,1,0,0,1
778,11,322,320,273,588,303,794,361,1,0,0,0
779,58,334,312,294,588,303,794,361,1,0,0,0
780,10,338,377,273,707,322,798,346,1,0,0,0
781,10,315,380,250,492,250,798,338,1,0,0,0
782,12,323,383,264,541,279,797,362,1,0,0,0
783,10,331,356,270,491,281,798,358,1,0,0,0
784,10,318,352,251,404,271,786,367,1,0,0,0
785,10,313,365,250,440,282,798,385,1,0,0,0
786,10,317,356,250,456,289,798,374,1,0,0,0
787,12,317,370,260,429,263,798,376,1,0,0,0
788,10,342,387,268,493,272,798,343,1,0,0,0
789,10,314,397,252,437,272,798,362,1,0,0,0
790,10,334,390,253,411,266,798,362,1,0,0,0
791,10,333,372,250,498,290,796,376,1,0,0,1
792,10,318,363,250,488,275,798,369,1,0,0,0
793,10,362,368,266,530,268,798,355,1,0,0,0
794,10,359,351,274,511,276,798,337,1,0,0,0
795,11,317,395,250,563,291,798,337,1,0,0,0
796,10,371,243,300,588,303,794,361,1,0,0,0
797,10,344,356,283,588,303,794,361,1,0,0,0
798,10,358,323,297,588,303,794,361,1,0,0,1
799,389,310,146,490,588,303,794,361,1,0,0,0
800,38,372,236,327,588,303,794,361,1,0,0,0
801,12,369,167,333,588,303,794,361,1,0,0,0
802,10,353,109,335,588,303,794,361,1,0,0,0
803,389,310,146,490,505,287,798,377,1,0,0,0
804,389,310,146,490,588,303,794,361,1,0,0,0
805,127,337,396,250,426,250,798,370,1,0,0,0
806,85,347,142,330,521,281,798,356,1,0,0,0
807,389,310,146,490,493,273,798,355,1,1,0,0
808,10,345,343,250,486,279,670,331,1,0,0,0
809,110,284,301,250,470,293,704,370,1,0,0,0
810,111,302,337,250,588,303,794,361,1,0,0,0
811,10,320,342,250,559,265,723,291,1,0,0,0
812,184,293,374,250,588,303,794,361,1,0,0,0
813,31,337,154,313,424,250,635,294,1,0,0,0
814,132,297,375,250,588,303,794,361,1,0,0,0
815,389,310,146,490,474,276,607,320,1,0,0,0
816,389,310,146,490,589,314,798,382,1,0,0,0
817,153,295,284,272,498,287,798,379,1,0,0,0
818,10,313,108,297,425,265,796,378,1,0,0,0
819,96,334,383,252,417,250,798,373,0,0,0,0
820,152,297,269,280,508,251,798,328,0,0,0,0
821,154,339,359,284,576,293,757,335,1,0,0,0
822,10,392,222,324,588,303,794,361,1,0,0,0
823,389,310,146,490,574,296,798,343,1,0,0,0
824,389,310,146,490,652,324,798,355,1,0,0,0
825,31,400,158,358,468,265,712,308,1,0,0,0
826,197,344,317,305,511,280,798,341,1,1,0,0
827,18,333,58,327,554,284,783,325,1,0,0,0
828,28,318,110,305,479,266,765,311,1,0,0,0
829,82,292,151,280,508,264,798,310,1,0,0,1
830,389,310,146,490,401,250,798,327,1,0,0,1
831,389,310,146,490,615,282,798,321,0,0,0,0
832,106,301,337,264,588,303,794,361,1,0,0,0
833,389,310,146,490,588,303,794,361,1,1,0,0
834,17,325,104,312,501,287,798,383,1,0,0,0
835,12,339,216,307,588,303,794,361,1,0,0,0
836,25,334,308,284,588,303,794,361,1,0,0,1
837,12,364,384,285,588,303,794,361,1,0,0,0
838,56,353,379,291,583,299,750,353,1,0,0,0
839,83,386,329,320,588,303,794,361,1,0,0,0
840,389,310,146,490,588,303,794,361,1,1,0,0
841,389,310,146,490,444,250,789,336,1,1,0,0
842,389,310,146,490,425,260,798,340,1,0,0,0
843,389,310,146,490,445,250,796,305,1,1,0,0
844,389,310,146,490,495,250,798,314,1,0,0,0
845,389,310,146,490,477,250,798,318,0,0,0,0
846,389,310,146,490,468,250,654,279,0,0,1,0
847,389,310,146,490,492,275,798,345,0,0,0,0
848,10,314,195,268,588,303,794,361,0,0,0,0
849,389,310,146,490,525,277,798,365,0,0,0,1
850,10,356,386,270,588,303,794,361,0,1,1,0
851,10,335,351,281,588,303,794,361,0,0,0,0
852,389,310,146,490,588,303,794,361,0,0,0,1
853,10,437,386,350,588,303,794,361,0,0,0,1
854,389,310,146,490,588,303,794,361,1,0,0,1
855,389,310,146,490,588,303,794,361,1,0,0,1
856,184,289,235,281,588,303,794,361,1,0,0,1
857,389,310,146,490,469,325,798,389,1,0,0,0
858,124,321,346,274,434,250,798,334,1,0,0,0
859,191,324,348,288,479,254,798,328,1,0,0,0
860,389,310,146,490,526,265,798,328,1,0,0,0
861,35,335,301,279,477,255,798,323,1,0,0,0
862,10,332,96,315,441,258,798,340,1,0,0,0
863,389,310,146,490,442,257,798,339,1,0,0,0
864,389,310,146,490,446,257,798,338,1,1,0,0
865,389,310,146,490,459,271,779,339,1,0,0,0
866,10,357,321,262,439,276,797,352,1,0,0,0
867,10,344,149,307,495,285,768,343,1,0,0,0
868,173,293,308,262,487,290,798,362,1,0,0,0
869,10,328,281,266,415,268,798,363,1,0,0,0
870,75,332,294,269,623,324,793,366,1,0,0,0
871,10,336,302,257,591,312,797,371,1,0,0,0
872,10,352,368,256,452,250,798,343,1,0,0,0
873,10,364,229,313,413,256,798,352,1,0,0,0
874,10,377,375,280,582,299,730,335,1,0,0,0
875,10,320,77,309,411,285,769,381,1,0,0,1
876,104,310,292,281,479,309,798,413,1,0,0,0
877,10,348,385,275,660,352,798,397,1,0,0,0
878,12,353,378,269,588,303,794,361,1,0,0,0
879,11,341,397,259,588,303,794,361,1,0,0,0
880,10,369,369,280,505,266,740,342,1,0,0,0
881,10,370,366,268,478,264,789,359,1,0,0,0
882,10,369,244,311,488,265,736,341,1,0,0,0
883,10,318,275,262,432,278,797,383,1,0,0,0
884,10,311,288,252,588,303,794,361,1,0,0,0
885,71,336,246,292,588,303,794,361,1,0,0,0
886,10,339,318,268,588,303,794,361,1,0,0,0
887,10,322,274,270,588,303,794,361,1,0,0,0
888,34,358,365,287,588,303,794,361,1,0,0,0
889,10,339,179,306,421,250,664,324,1,1,0,0
890,10,344,261,286,630,314,798,362,1,0,0,0
891,389,310,146,490,406,254,798,374,1,0,0,0
892,389,310,146,490,588,303,794,361,0,0,1,0
893,389,310,146,490,588,303,794,361,0,1,1,0
894,389,310,146,490,588,303,794,361,0,1,1,0
895,389,310,146,490,588,303,794,361,0,1,0,0
896,389,310,146,490,588,303,794,361,0,1,0,0
897,389,310,146,490,588,303,794,361,1,1,0,0
898,389,310,146,490,588,303,794,361,1,1,0,0
899,389,310,146,490,448,250,796,311,1,0,0,1
900,389,310,146,490,588,303,794,361,1,0,0,0
901,389,310,146,490,588,303,794,361,1,0,0,0
902,389,310,146,490,588,303,794,361,1,0,0,0
903,389,310,146,490,433,250,798,314,1,0,0,0
904,389,310,146,490,588,303,794,361,1,0,0,0
905,389,310,146,490,482,250,608,269,1,0,0,0
906,389,310,146,490,588,303,794,361,1,0,0,0
907,389,310,146,490,588,303,794,361,1,0,0,0
908,389,310,146,490,588,303,794,361,1,0,0,0
909,389,310,146,490,588,303,794,361,1,0,0,0
910,10,353,332,302,588,303,794,361,1,0,0,0
911,166,369,316,338,588,303,794,361,1,0,0,1
912,18,346,385,262,588,303,794,361,1,0,0,0
913,10,341,286,277,588,303,794,361,1,0,0,1
914,389,310,146,490,588,303,794,361,1,0,0,0
915,10,492,113,476,659,442,741,467,1,0,0,0
916,19,345,107,328,588,303,794,361,1,0,0,0
917,389,310,146,490,588,303,794,361,1,1,0,0
918,389,310,146,490,588,303,794,361,1,0,0,0
919,389,310,146,490,588,303,794,361,1,0,0,1
920,389,310,146,490,588,303,794,361,1,1,0,0
921,389,310,146,490,588,303,794,361,1,0,0,0
922,389,310,146,490,588,303,794,361,1,1,0,0
923,389,310,146,490,588,303,794,361,1,0,0,0
924,389,310,146,490,588,303,794,361,1,0,0,0
925,10,497,276,446,588,303,794,361,1,1,0,0
926,389,310,146,490,588,303,794,361,1,0,0,0
927,389,310,146,490,588,303,794,361,1,1,0,0
928,389,310,146,490,588,303,794,361,1,1,0,0
929,389,310,146,490,588,303,794,361,1,0,0,0
930,389,310,146,490,588,303,794,361,1,0,0,0
931,389,310,146,490,588,303,794,361,1,0,0,1
932,389,310,146,490,588,303,794,361,1,0,0,0
933,10,331,163,309,588,303,794,361,1,0,0,0
934,389,310,146,490,588,303,794,361,1,0,0,0
935,389,310,146,490,469,250,606,271,1,0,0,0
936,109,321,397,250,588,303,794,361,1,0,0,0
937,10,317,186,280,588,303,794,361,1,0,0,0
938,389,310,146,490,588,303,794,361,1,0,0,0
939,389,310,146,490,646,277,787,299,1,0,0,0
940,10,314,187,283,588,303,794,361,1,0,0,1
941,389,310,146,490,588,303,794,361,1,0,0,0
942,194,449,276,430,588,303,794,361,1,0,0,0
943,389,310,146,490,588,303,794,361,1,0,0,0
944,389,310,146,490,588,303,794,361,1,0,0,0
945,52,346,304,297,588,303,794,361,1,0,0,0
946,22,340,258,302,588,303,794,361,1,0,0,0
947,153,323,289,301,588,303,794,361,1,0,0,0
948,10,336,304,289,588,303,794,361,1,0,0,0
949,10,318,398,250,558,262,692,283,1,0,0,0
950,38,350,262,295,588,303,794,361,1,0,0,0
951,194,300,397,250,588,303,794,361,1,0,0,0
952,94,318,280,282,588,303,794,361,1,0,0,0
953,15,300,237,261,588,303,794,361,1,0,0,0
954,16,386,172,356,645,282,796,306,1,0,0,0
955,389,310,146,490,607,296,798,358,1,0,0,0
956,389,310,146,490,588,303,794,361,1,0,0,1
957,389,310,146,490,588,303,794,361,1,0,0,0
958,177,277,365,250,588,303,794,361,1,1,0,0
959,389,310,146,490,588,303,794,361,1,0,0,0
960,389,310,146,490,588,303,794,361,1,0,0,0
961,389,310,146,490,548,394,741,428,1,0,0,0
962,127,295,223,280,588,303,794,361,1,0,0,0
963,10,426,148,404,588,303,794,361,1,0,0,0
964,12,478,119,448,588,303,794,361,1,1,0,0
965,178,443,295,405,588,303,794,361,0,0,0,0
966,389,310,146,490,588,303,794,361,0,0,1,0
967,389,310,146,490,588,303,794,361,0,0,0,0
968,389,310,146,490,588,303,794,361,0,0,0,0
969,389,310,146,490,588,303,794,361,1,0,0,1
970,389,310,146,490,588,303,794,361,1,0,0,0
971,100,329,183,316,588,303,794,361,1,0,0,0
972,389,310,146,490,588,303,794,361,1,0,0,0
973,389,310,146,490,588,303,794,361,1,0,0,0
974,194,339,227,333,588,303,794,361,1,0,0,0
975,389,310,146,490,588,303,794,361,1,0,0,0
976,389,310,146,490,588,303,794,361,1,0,0,0
977,46,382,292,307,588,303,794,361,1,1,0,0
978,389,310,146,490,588,303,794,361,1,1,0,0
979,389,310,146,490,588,303,794,361,1,0,0,0
980,10,345,218,297,588,303,794,361,1,1,0,0
981,102,291,339,250,588,303,794,361,1,0,0,0
982,389,310,146,490,588,303,794,361,1,0,0,0
983,389,310,146,490,588,303,794,361,1,1,0,0
984,10,302,334,250,588,303,794,361,1,1,0,0
985,38,326,311,283,588,303,794,361,1,0,0,0
986,125,311,251,284,588,303,794,361,1,0,0,0
987,73,461,337,415,588,303,794,361,1,0,0,1
988,389,310,146,490,510,451,669,484,0,0,0,1
989,389,310,146,490,588,303,794,361,0,0,1,0
990,389,310,146,490,588,303,794,361,0,0,0,0
991,389,310,146,490,588,303,794,361,0,0,1,0
992,389,310,146,490,588,303,794,361,0,0,0,1
993,389,310,146,490,588,303,794,361,1,0,0,1
994,389,310,146,490,588,303,794,361,1,0,0,1
995,389,310,146,490,771,308,798,312,0,0,0,1
996,41,358,105,348,588,303,794,361,0,0,0,1
997,389,310,146,490,588,303,794,361,1,0,0,0
998,389,310,146,490,598,360,791,391,1,1,0,0
999,10,310,142,290,640,331,798,359,1,1,0,0
1000,389,310,146,490,615,322,790,352,1,0,0,0
1001,389,310,146,490,588,303,794,361,1,0,0,0
1002,13,344,148,303,612,313,798,342,1,0,0,0
1003,39,444,303,373,674,393,773,411,1,0,0,0
1004,389,310,146,490,588,303,794,361,1,0,0,0
1005,10,305,157,279,588,303,794,361,1,0,0,0
1006,64,317,353,250,588,303,794,361,1,0,0,0
1007,10,411,381,298,588,303,794,361,1,0,0,0
1008,389,310,146,490,588,303,794,361,1,0,0,0
1009,389,310,146,490,590,297,798,341,1,0,0,0
1010,10,330,105,310,588,303,794,361,0,0,1,1
1011,389,310,146,490,588,303,794,361,0,1,0,0
1012,389,310,146,490,588,303,794,361,1,0,0,0
1013,389,310,146,490,588,303,794,361,1,0,0,0
1014,389,310,146,490,643,310,698,318,1,0,0,0
1015,389,310,146,490,588,303,794,361,0,0,0,1
1016,389,310,146,490,670,281,795,299,0,0,0,1
1017,389,310,146,490,588,303,794,361,0,1,1,0
1018,389,310,146,490,588,303,794,361,0,1,0,0
1019,389,310,146,490,588,303,794,361,1,1,0,0
1020,389,310,146,490,588,303,794,361,1,1,0,0
1021,10,430,387,322,588,303,794,361,1,0,0,0
1022,389,310,146,490,588,303,794,361,1,1,0,0
1023,10,343,317,295,588,303,794,361,1,1,0,0
1024,389,310,146,490,551,286,798,366,1,0,0,0
1025,389,310,146,490,499,292,796,388,1,0,0,0
1026,389,310,146,490,588,303,794,361,1,0,0,0
1027,165,342,390,269,588,303,794,361,1,0,0,0
1028,10,345,203,307,588,303,794,361,1,0,0,0
1029,10,348,152,318,549,276,796,342,1,0,0,0
1030,10,347,318,282,524,264,798,328,1,1,0,0
1031,10,321,315,267,445,267,798,355,1,0,0,0
1032,10,309,227,266,471,250,798,313,1,0,0,0
1033,10,322,285,268,406,250,798,312,1,0,0,0
1034,10,338,349,272,444,250,798,351,1,0,0,0
1035,10,347,318,282,454,250,794,334,1,0,0,0
1036,10,320,226,270,421,270,798,364,1,0,0,0
1037,389,310,146,490,533,308,798,379,1,0,0,1
1038,389,310,146,490,404,250,798,312,1,0,0,0
1039,63,297,101,291,628,301,798,328,1,0,0,0
1040,10,318,292,269,589,275,616,280,1,0,0,0
1041,10,339,286,286,484,250,795,299,1,0,0,0
1042,10,346,271,286,588,303,794,361,1,0,0,0
1043,10,357,230,306,690,327,757,337,1,0,0,0
1044,389,310,146,490,588,303,794,361,1,0,0,0
1045,389,310,146,490,588,303,794,361,1,0,0,0
1046,10,340,217,296,588,303,794,361,1,0,0,0
1047,10,353,336,278,488,266,795,315,1,0,0,1
1048,10,396,386,281,588,303,794,361,1,0,0,0
1049,389,310,146,490,447,255,798,317,1,0,0,0
1050,389,310,146,490,412,254,798,315,1,0,0,0
1051,389,310,146,490,410,263,798,332,1,0,0,0
1052,389,310,146,490,424,271,798,364,1,0,0,1
1053,10,331,195,295,478,287,798,366,1,0,0,0
1054,389,310,146,490,407,250,798,347,1,0,0,0
1055,389,310,146,490,535,281,796,336,1,0,0,0
1056,10,321,247,262,702,305,752,313,1,0,0,0
1057,10,313,317,253,459,281,798,372,1,0,0,0
1058,10,311,107,293,419,250,798,316,0,0,0,1
1059,10,399,307,314,588,303,794,361,1,1,0,0
1060,10,359,196,302,497,271,798,324,1,0,0,1
1061,389,310,146,490,410,269,798,330,1,1,0,0
1062,389,310,146,490,429,270,792,334,1,0,0,1
1063,389,310,146,490,432,287,796,384,1,0,0,0
1064,389,310,146,490,419,261,797,369,1,0,0,0
1065,117,294,348,250,410,250,797,361,1,0,0,0
1066,10,357,318,286,509,260,798,321,1,0,0,0
1067,11,350,175,310,482,262,798,323,1,0,0,0
1068,11,360,385,253,531,280,798,331,1,0,0,0
1069,74,311,268,259,558,295,798,346,1,0,0,0
1070,10,319,202,278,588,303,794,361,1,0,0,0
1071,10,324,184,287,443,262,691,329,1,0,0,0
1072,10,326,213,283,452,266,798,359,1,0,0,0
1073,389,310,146,490,426,257,798,371,1,0,0,0
1074,10,317,169,289,436,259,798,369,1,0,0,0
1075,389,310,146,490,610,305,796,358,1,0,0,0
1076,389,310,146,490,588,303,794,361,1,0,0,0
1077,10,379,242,325,588,303,794,361,1,1,0,0
1078,10,398,331,300,588,303,794,361,1,0,0,0
1079,389,310,146,490,588,303,794,361,1,0,0,0
1080,10,337,316,250,460,281,798,340,1,0,0,0
1081,11,338,327,265,408,269,798,352,1,0,0,0
1082,10,317,301,260,412,267,797,370,1,0,0,0
1083,10,324,336,260,463,272,798,375,1,1,0,0
1084,10,323,312,259,462,270,797,366,1,0,0,0
1085,10,303,311,250,588,303,794,361,1,0,0,0
1086,19,328,360,250,449,250,798,350,1,0,0,0
1087,10,335,256,283,476,273,798,365,1,0,0,0
1088,106,310,374,267,554,278,798,343,1,0,0,0
1089,10,371,366,282,589,269,791,308,1,0,0,0
1090,34,385,380,279,670,292,795,310,1,1,0,0
1091,389,310,146,490,435,250,787,312,1,0,0,0
1092,389,310,146,490,410,251,798,377,1,1,0,0
1093,389,310,146,490,588,303,794,361,1,0,0,0
1094,146,381,191,370,404,304,798,417,0,0,0,0
1095,389,310,146,490,588,303,794,361,0,1,1,0
1096,113,462,387,419,588,303,794,361,0,1,1,0
1097,389,310,146,490,588,303,794,361,0,0,1,0
1098,389,310,146,490,588,303,794,361,0,0,0,0
1099,389,310,146,490,588,303,794,361,0,0,0,0
1100,389,310,146,490,588,303,794,361,0,0,0,0
1101,389,310,146,490,588,303,794,361,0,0,0,0
1102,389,310,146,490,588,303,794,361,0,0,0,0
1103,389,310,146,490,588,303,794,361,1,0,0,1
1104,389,310,146,490,588,303,794,361,1,0,0,1
1105,389,310,146,490,588,303,794,361,1,0,0,1
1106,389,310,146,490,588,303,794,361,1,0,0,1
1107,389,310,146,490,528,381,798,429,1,0,0,1
1108,11,308,58,301,478,316,798,389,1,0,0,0
1109,68,330,109,321,432,291,798,389,1,0,0,1
1110,21,318,395,252,448,276,798,377,1,0,0,0
1111,10,329,302,273,579,309,798,367,0,0,0,0
1112,10,317,290,263,588,303,794,361,0,0,0,0
1113,10,318,260,270,588,303,794,361,0,0,0,0
1114,10,310,117,290,588,303,794,361,0,0,0,0
1115,389,310,146,490,588,303,794,361,0,0,0,0
1116,55,347,380,290,588,303,794,361,1,0,0,0
1117,13,349,198,317,588,303,794,361,1,0,0,0
1118,10,348,340,284,588,303,794,361,1,0,0,0
1119,389,310,146,490,588,303,794,361,1,0,0,0
1120,10,408,398,297,588,303,794,361,1,0,0,0
1121,40,414,362,310,588,303,794,361,1,1,0,0
1122,389,310,146,490,588,303,794,361,1,0,0,0
1123,389,310,146,490,616,282,649,287,1,0,0,0
1124,389,310,146,490,588,303,794,361,1,1,0,0
1125,389,310,146,490,515,271,713,332,1,1,0,0
1126,389,310,146,490,451,303,798,409,1,0,0,0
1127,389,310,146,490,536,301,731,339,1,0,0,0
1128,10,327,311,252,626,379,782,423,1,0,0,1
1129,10,380,314,293,533,278,798,330,1,1,0,0
1130,10,353,328,279,550,267,798,315,1,0,0,0
1131,10,370,337,283,526,275,798,328,1,0,0,0
1132,10,354,371,270,509,279,797,335,1,0,0,0
1133,10,342,333,268,462,277,797,348,1,0,0,1
1134,20,361,358,283,428,250,798,336,1,0,0,0
1135,11,346,330,273,501,278,798,341,1,0,0,0
1136,10,348,254,292,630,308,798,341,1,0,0,0
1137,389,310,146,490,588,303,794,361,1,0,0,1
1138,389,310,146,490,588,303,794,361,1,0,0,0
1139,389,310,146,490,588,303,794,361,1,0,0,0
1140,389,310,146,490,420,250,798,309,1,1,0,0
1141,176,324,353,290,465,270,798,329,1,0,0,0
1142,10,392,371,288,407,250,797,325,1,0,0,0
1143,10,383,234,310,588,303,794,361,0,0,0,1
1144,389,310,146,490,588,303,794,361,0,0,0,1
1145,389,310,146,490,588,303,794,361,0,0,0,1
1146,118,424,343,359,681,397,708,401,0,0,0,1
1147,389,310,146,490,588,303,794,361,1,0,0,1
1148,10,315,387,256,588,303,794,361,1,0,0,0
1149,10,396,363,288,588,303,794,361,1,0,0,0
1150,10,378,390,261,588,303,794,361,1,0,0,0
1151,10,388,376,276,588,303,794,361,1,0,0,0
1152,10,391,306,301,588,303,794,361,1,0,0,0
1153,10,395,386,273,588,303,794,361,1,0,0,0
1154,10,389,330,303,709,312,789,324,1,0,0,0
1155,10,382,244,320,555,291,798,338,1,0,0,0
1156,10,343,367,261,492,288,798,370,1,1,0,0
1157,10,304,318,250,588,303,794,361,1,0,0,1
1158,389,310,146,490,588,303,794,361,1,1,0,0
1159,389,310,146,490,588,303,794,361,1,0,0,1
1160,10,325,384,266,588,303,794,361,1,0,0,0
1161,28,331,350,275,588,303,794,361,1,0,0,0
1162,10,349,371,279,588,303,794,361,1,1,0,0
1163,10,353,328,280,588,303,794,361,1,0,0,0
1164,10,384,321,294,484,252,687,310,1,0,0,0
1165,10,355,376,250,468,274,798,363,1,0,0,1
1166,10,363,393,260,421,261,798,321,1,0,0,0
1167,10,380,334,281,401,250,768,342,1,0,0,0
1168,10,352,335,259,692,308,760,318,1,0,0,0
1169,10,374,369,278,458,266,798,319,1,0,0,0
1170,10,398,288,307,477,266,744,328,1,0,0,0
1171,10,321,245,284,402,253,798,322,1,0,0,0
1172,10,330,344,265,619,291,798,317,1,0,0,0
1173,10,333,273,282,513,287,796,379,1,0,0,0
1174,123,313,279,283,530,299,797,380,1,0,0,0
1175,10,334,280,277,459,290,798,387,1,0,0,0
1176,10,314,211,279,434,282,798,400,1,0,0,0
1177,10,330,281,282,538,300,797,384,1,0,0,0
1178,389,310,146,490,499,277,766,364,0,0,1,1
1179,10,374,379,282,588,303,794,361,1,1,0,0
1180,10,459,347,350,588,303,794,361,1,0,0,0
1181,389,310,146,490,588,303,794,361,1,1,0,0
1182,389,310,146,490,537,307,798,392,1,0,0,0
1183,389,310,146,490,436,283,798,340,1,0,0,0
1184,10,326,245,259,536,309,798,370,1,0,0,0
1185,10,342,354,250,588,303,794,361,1,0,0,1
1186,10,344,326,271,588,303,794,361,1,0,0,0
1187,10,337,349,265,588,303,794,361,1,1,0,0
1188,10,331,347,253,588,303,794,361,1,0,0,0
1189,10,322,349,250,437,282,781,337,1,0,0,0
1190,10,334,379,256,445,265,796,365,1,0,0,0
1191,10,314,314,250,588,303,794,361,1,0,0,0
1192,10,319,348,253,603,268,769,297,1,0,0,0
1193,389,310,146,490,571,268,798,308,1,0,0,0
1194,389,310,146,490,562,270,798,308,1,0,0,0
1195,37,316,315,267,588,303,794,361,1,0,0,0
1196,389,310,146,490,588,303,794,361,1,0,0,0
1197,389,310,146,490,488,266,797,320,1,0,0,0
1198,10,301,215,265,403,258,798,342,1,0,0,0
1199,10,314,267,269,588,303,794,361,1,0,0,0
1200,389,310,146,490,482,250,751,292,1,0,0,0
1201,10,318,156,287,588,303,794,361,1,0,0,0
1202,389,310,146,490,424,258,627,297,1,0,0,0
1203,389,310,146,490,588,303,794,361,1,0,0,1
1204,10,366,248,289,588,303,794,361,1,0,0,0
1205,389,310,146,490,472,273,797,336,1,0,0,0
1206,389,310,146,490,588,303,794,361,1,0,0,0
1207,389,310,146,490,588,303,794,361,1,0,0,0
1208,389,310,146,490,567,341,798,412,1,0,0,1
1209,389,310,146,490,633,289,797,320,1,0,0,0
1210,389,310,146,490,429,250,798,321,1,0,0,1
1211,389,310,146,490,588,303,794,361,1,1,0,0
1212,389,310,146,490,588,303,794,361,1,0,0,0
1213,389,310,146,490,588,303,794,361,1,0,0,0
1214,389,310,146,490,588,303,794,361,1,0,0,0
1215,389,310,146,490,588,303,794,361,1,0,0,1
1216,389,310,146,490,584,266,712,287,1,0,0,0
1217,389,310,146,490,588,303,794,361,1,0,0,0
1218,389,310,146,490,588,303,794,361,1,0,0,0
1219,389,310,146,490,588,303,794,361,1,1,0,0
1220,10,366,197,337,588,303,794,361,1,0,0,0
1221,10,315,378,250,588,303,794,361,1,1,0,0
1222,10,324,342,254,588,303,794,361,1,0,0,0
1223,10,321,315,262,588,303,794,361,1,0,0,0
1224,10,316,295,260,588,303,794,361,1,0,0,0
1225,10,345,256,270,588,303,794,361,1,0,0,0
1226,389,310,146,490,438,301,798,390,1,0,0,1
1227,389,310,146,490,588,303,794,361,1,0,0,1
1228,389,310,146,490,588,303,794,361,1,0,0,1
1229,389,310,146,490,588,303,794,361,1,0,0,0
1230,10,325,223,272,492,262,676,292,1,0,0,1
1231,26,324,298,262,588,303,794,361,1,0,0,1
1232,10,332,309,274,588,303,794,361,1,1,0,0
1233,10,334,207,289,588,303,794,361,1,0,0,0
1234,138,309,229,288,588,303,794,361,1,0,0,0
1235,10,332,399,250,588,303,794,361,1,0,0,0
1236,10,372,359,278,588,303,794,361,1,0,0,0
1237,10,320,290,276,588,303,794,361,1,0,0,0
1238,18,330,340,268,588,303,794,361,1,0,0,0
1239,389,310,146,490,537,276,686,307,1,0,0,0
1240,389,310,146,490,457,250,768,304,1,0,0,0
1241,10,362,322,267,588,303,794,361,1,0,0,0
1242,10,346,317,264,502,271,798,318,1,0,0,0
1243,10,336,311,272,588,303,794,361,1,0,0,0
1244,10,337,287,278,556,289,798,363,1,0,0,0
1245,10,368,283,300,585,264,798,333,0,0,0,0
1246,10,365,280,283,597,266,798,316,0,0,1,0
1247,389,310,146,490,588,303,794,361,0,0,0,0
1248,147,489,331,437,588,303,794,361,1,0,0,0
1249,10,327,377,269,588,303,794,361,1,0,0,0
1250,10,397,380,305,588,303,794,361,1,1,0,0
1251,11,364,342,276,504,252,798,325,1,0,0,0
1252,10,328,272,258,426,267,798,359,1,0,0,0
1253,389,310,146,490,408,287,798,391,1,0,0,1
1254,389,310,146,490,588,303,794,361,1,0,0,0
1255,389,310,146,490,588,303,794,361,1,0,0,0
1256,10,319,307,251,460,271,798,324,1,0,0,0
1257,13,331,310,279,481,286,713,361,1,0,0,0
1258,17,320,213,285,401,275,698,366,1,0,0,0
1259,389,310,146,490,444,279,798,374,1,0,0,0
1260,10,373,310,292,482,289,798,356,1,0,0,0
1261,10,356,294,280,410,271,798,346,1,0,0,0
1262,10,351,266,282,462,282,798,347,1,0,0,0
1263,10,337,245,274,436,278,708,336,1,0,0,1
1264,10,331,269,271,448,279,798,372,1,0,0,0
1265,11,329,301,262,431,265,798,363,1,0,0,0
1266,10,362,360,268,405,250,797,333,1,0,0,0
1267,10,360,375,262,547,283,798,336,0,0,0,0
1268,10,353,349,250,588,303,794,361,0,0,0,0
1269,121,330,362,251,482,257,798,319,0,1,0,0
1270,18,344,305,251,458,255,798,315,0,1,1,0
1271,389,310,146,490,473,267,780,337,1,0,0,0
1272,389,310,146,490,502,325,798,405,0,1,0,0
1273,389,310,146,490,588,303,794,361,0,0,1,0
1274,389,310,146,490,588,303,794,361,0,0,0,0
1275,389,310,146,490,588,303,794,361,1,0,0,0
1276,389,310,146,490,588,303,794,361,0,0,1,1
1277,389,310,146,490,588,303,794,361,0,0,0,1
1278,389,310,146,490,588,303,794,361,1,0,0,1
1279,389,310,146,490,588,303,794,361,0,0,0,1
1280,389,310,146,490,588,303,794,361,1,0,0,0
1281,389,310,146,490,588,303,794,361,0,0,0,0
1282,389,310,146,490,588,303,794,361,0,0,0,0
1283,389,310,146,490,588,303,794,361,0,0,0,0
1284,389,310,146,490,588,303,794,361,0,0,0,0
1285,389,310,146,490,588,303,794,361,0,0,0,0
1286,389,310,146,490,588,303,794,361,1,0,0,1
1287,389,310,146,490,588,303,794,361,1,0,0,1
1288,389,310,146,490,588,303,794,361,1,0,0,1
1289,10,335,373,271,588,303,794,361,1,0,0,0
1290,10,355,399,286,588,303,794,361,1,0,0,0
1291,12,332,393,258,588,303,794,361,0,0,1,0
1292,10,331,377,253,588,303,794,361,0,0,0,0
1293,10,362,398,272,588,303,794,361,1,0,0,0
1294,10,374,394,279,588,303,794,361,1,1,0,0
1295,12,371,395,254,588,303,794,361,1,0,0,0
1296,11,394,399,268,588,303,794,361,1,1,0,0
1297,10,313,268,272,588,303,794,361,1,0,0,0
1298,11,367,149,325,588,303,794,361,1,0,0,0
1299,10,369,379,250,588,303,794,361,1,0,0,0
1300,10,369,362,255,588,303,794,361,1,0,0,0
1301,11,376,350,266,588,303,794,361,1,0,0,0
1302,389,310,146,490,588,303,794,361,1,1,0,0
1303,389,310,146,490,588,303,794,361,1,1,0,0
1304,389,310,146,490,588,303,794,361,1,0,0,0
1305,389,310,146,490,588,303,794,361,0,0,0,0
1306,389,310,146,490,588,303,794,361,0,0,0,0
1307,389,310,146,490,588,303,794,361,0,0,0,0
1308,389,310,146,490,588,303,794,361,0,0,0,0
1309,389,310,146,490,588,303,794,361,1,0,0,0
1310,98,316,311,251,588,303,794,361,1,0,0,1
1311,10,384,380,270,500,275,798,349,1,0,0,0
1312,10,323,377,265,558,285,798,340,1,0,0,0
1313,389,310,146,490,407,259,798,356,1,0,0,1
1314,10,377,356,271,490,277,795,370,1,0,0,0
1315,10,370,385,256,548,272,797,339,1,0,0,0
1316,389,310,146,490,573,277,798,320,1,0,0,0
1317,389,310,146,490,588,303,794,361,1,0,0,0
1318,12,311,399,250,588,303,794,361,1,0,0,0
1319,389,310,146,490,588,303,794,361,1,0,0,0
1320,389,310,146,490,588,303,794,361,1,0,0,0
1321,389,310,146,490,557,272,716,300,1,0,0,0
1322,389,310,146,490,619,283,798,321,1,0,0,0
1323,389,310,146,490,588,303,794,361,1,0,0,0
1324,13,322,290,264,588,303,794,361,0,0,0,0
1325,10,305,270,260,588,303,794,361,0,0,0,0
1326,389,310,146,490,513,257,795,311,0,0,0,0
1327,389,310,146,490,528,363,634,382,0,0,0,0
1328,389,310,146,490,541,365,656,385,0,0,0,0
1329,35,497,124,481,592,434,730,455,0,0,0,0
1330,10,328,215,291,588,303,794,361,0,0,0,0
1331,13,335,195,302,588,303,794,361,0,0,0,0
1332,389,310,146,490,592,268,798,323,0,0,0,1
1333,389,310,146,490,588,303,794,361,0,0,0,0
1334,389,310,146,490,588,303,794,361,0,0,0,0
1335,389,310,146,490,588,303,794,361,0,0,0,0
1336,389,310,146,490,603,408,717,437,0,0,0,0
1337,10,382,262,337,608,410,693,427,0,0,0,0
1338,10,419,188,375,588,303,794,361,0,0,0,0
1339,389,310,146,490,588,303,794,361,0,0,0,0
1340,389,310,146,490,588,303,794,361,0,0,0,0
1341,389,310,146,490,588,303,794,361,0,0,0,0
1342,389,310,146,490,588,303,794,361,0,0,0,1
1343,389,310,146,490,588,303,794,361,0,0,0,0
1344,389,310,146,490,588,303,794,361,0,0,0,0
1345,389,310,146,490,579,334,783,370,0,0,0,0
1346,389,310,146,490,588,303,794,361,0,0,0,0
1347,389,310,146,490,588,303,794,361,0,0,0,0
1348,389,310,146,490,588,303,794,361,0,0,0,0
1349,389,310,146,490,588,303,794,361,0,0,0,0
1350,389,310,146,490,588,303,794,361,0,0,0,0
1351,389,310,146,490,588,303,794,361,0,0,0,0
1352,389,310,146,490,750,312,798,321,0,0,0,0
1353,389,310,146,490,588,303,794,361,0,0,0,0
1354,389,310,146,490,588,303,794,361,0,0,0,0
1355,389,310,146,490,588,303,794,361,0,0,0,0
1356,389,310,146,490,588,303,794,361,0,0,0,0
1357,389,310,146,490,588,303,794,361,0,0,0,0
1358,389,310,146,490,588,303,794,361,0,0,0,0
1359,389,310,146,490,588,303,794,361,0,0,0,0
1360,389,310,146,490,588,303,794,361,0,0,0,0
1361,389,310,146,490,588,303,794,361,0,0,0,0
1362,389,310,146,490,588,303,794,361,0,0,0,0
1363,389,310,146,490,588,303,794,361,0,0,0,0
1364,389,310,146,490,588,303,794,361,0,0,0,0
1365,389,310,146,490,588,303,794,361,0,0,0,1
1366,389,310,146,490,588,303,794,361,0,0,0,0
1367,389,310,146,490,588,303,794,361,0,0,0,0
1368,389,310,146,490,588,303,794,361,0,0,0,0
1369,389,310,146,490,588,303,794,361,0,0,0,0
1370,389,310,146,490,588,303,794,361,0,0,0,0
1371,389,310,146,490,588,303,794,361,0,0,0,1
1372,389,310,146,490,588,303,794,361,0,0,0,0
1373,389,310,146,490,588,303,794,361,0,0,0,0
1374,389,310,146,490,588,303,794,361,0,0,0,0
1375,389,310,146,490,588,303,794,361,0,0,0,0
1376,389,310,146,490,588,303,794,361,0,0,0,0
1377,389,310,146,490,588,303,794,361,0,0,0,0
1378,389,310,146,490,588,303,794,361,0,0,0,0
1379,389,310,146,490,588,303,794,361,0,0,0,0
1380,389,310,146,490,588,303,794,361,0,0,0,0
1381,389,310,146,490,588,303,794,361,0,0,0,0
1382,389,310,146,490,588,303,794,361,0,0,0,0
1383,389,310,146,490,588,303,794,361,0,0,0,0
1384,389,310,146,490,588,303,794,361,0,0,0,0
1385,389,310,146,490,588,303,794,361,0,0,0,0
1386,389,310,146,490,588,303,794,361,0,0,0,0
1387,389,310,146,490,588,303,794,361,0,0,0,0
1388,389,310,146,490,588,303,794,361,0,0,0,0
1389,389,310,146,490,588,303,794,361,0,0,0,0
1390,389,310,146,490,588,303,794,361,0,0,0,0
1391,389,310,146,490,588,303,794,361,0,0,0,0
1392,389,310,146,490,588,303,794,361,0,0,0,0
1393,389,310,146,490,588,303,794,361,0,0,0,0
1394,389,310,146,490,588,303,794,361,0,0,0,0
1395,389,310,146,490,588,303,794,361,0,0,0,0
1396,389,310,146,490,588,303,794,361,0,0,0,0
1397,389,310,146,490,588,303,794,361,0,0,0,0
1398,389,310,146,490,581,294,664,307,0,0,0,0
1399,173,438,211,430,576,329,736,358,0,0,0,0
1400,389,310,146,490,687,366,735,375,0,0,0,0
1401,389,310,146,490,687,366,735,375,0,0,0,0
1402,171,454,251,428,576,329,736,357,0,0,0,0
1403,389,310,146,490,687,366,735,375,0,0,0,0
1404,389,310,146,490,687,366,735,375,0,0,0,0
1405,171,454,251,428,576,329,736,357,0,0,0,0
1406,171,454,251,428,576,329,736,357,0,0,0,1
1407,389,310,146,490,687,366,735,375,0,0,0,1
1408,389,310,146,490,687,366,735,375,0,0,0,0
1409,171,454,251,428,576,329,736,357,0,0,0,0
1410,171,454,251,428,576,329,736,357,0,0,0,1
1411,389,310,146,490,687,366,735,375,0,0,0,0
1412,389,310,146,490,687,366,735,375,0,0,0,0
1413,171,454,251,428,576,329,736,357,0,0,0,0
1414,389,310,146,490,687,366,735,375,0,0,0,0
1415,389,310,146,490,687,366,735,375,0,0,0,0
1416,171,454,251,428,576,329,736,357,0,0,0,0
1417,171,454,251,428,576,329,736,357,0,0,0,0
1418,389,310,146,490,687,366,735,375,0,0,0,0
1419,389,310,146,490,687,366,735,375,0,0,0,0
1420,171,454,251,428,576,329,736,357,0,0,0,0
1421,171,454,251,428,576,329,736,357,0,0,0,0
1422,389,310,146,490,687,366,735,375,0,0,0,0
1423,389,310,146,490,687,366,735,375,0,0,0,0
1424,171,454,251,428,576,329,736,357,0,0,0,0
1425,171,454,251,428,576,329,736,357,0,0,0,0
1426,389,310,146,490,687,366,735,375,0,0,0,0
1427,389,310,146,490,687,366,735,375,0,0,0,0
1428,171,454,251,428,576,329,736,357,0,0,0,0
1429,171,454,251,428,576,329,736,357,0,0,0,0
1430,389,310,146,490,687,366,735,375,0,0,0,0
1431,171,454,251,428,576,329,736,357,0,0,0,0
1432,171,454,251,428,576,329,736,357,0,0,0,0
1433,389,310,146,490,687,366,735,375,0,0,0,0
1434,389,310,146,490,687,366,735,375,0,0,0,0
